CHUNK_1
-0.033078484,0.019517066,-0.070575245,-0.1094136,-0.0058019343,0.013751927,0.0399658,-0.020167047,-0.03896074,0.083064236,0.0906945,-0.027061516,0.021501452,0.04414819,0.07816317,0.026570512,0.070965335,-0.066777706,-0.055605877,0.0016655284,0.011182086,0.09715415,-0.052299462,0.010457757,-0.021605976,-0.0007980576,-0.0006155114,-0.08577892,-0.027070826,-0.004899106,0.06353549,0.020710396,0.014134382,-0.013127417,0.00017736034,0.058798514,-0.09449119,-0.009229056,0.034322593,-0.05947175,0.062169056,-0.018349053,0.00931751,0.025273899,0.017655537,0.007933985,-0.016471215,0.0070325397,-0.026971292,0.012805904,0.005138547,0.041468143,-9.444646e-05,0.058894128,0.022279067,-0.08204836,-0.016224835,-0.005504868,-0.055004347,0.047223102,-0.045247678,0.08032948,-0.019364499,-0.0027126635,0.037477963,-0.030250588,0.020700974,-0.008297791,-0.073998734,-0.026987413,-0.024949152,-0.032183576,-0.0019970941,-0.013038234,-0.05578807,-0.038150433,0.023688186,0.10227233,-0.0006426431,-0.116423,-0.04150864,-0.0031881426,0.04087495,0.013551517,-0.0077870986,0.013217368,-0.001055623,-0.019616654,0.025199074,0.006462384,0.090759315,0.0050750845,0.02894181,-0.0021798895,0.054712724,-0.06379593,-0.018625475,-0.055399157,-0.04844462,0.017276356,-0.018957196,0.007790924,-0.12360361,-0.0020059152,-0.0815691,-0.091101855,-0.0041553667,-0.003621997,0.0070834416,0.023242751,-0.054649428,0.0116897635,-0.008714778,-0.05749107,-0.039071545,0.04788122,-0.03216981,0.0048529212,0.077093214,-0.044592533,-0.0028523447,0.102972716,0.048944004,-0.0030237776,-0.0017721492,-0.04630255,-0.004680062,4.155765e-34,-0.12574078,-0.016389266,-0.009932334,-0.056350518,-0.054441158,-0.1219927,0.001700074,-0.008334521,0.004491543,-0.022616629,-0.0018734311,-0.0512422,0.011338068,0.06343202,0.04070358,-0.04189819,0.019719034,0.023773044,0.054268196,0.08286999,-3.9591472e-05,0.030421339,0.058669038,0.0064574657,0.041530605,-0.02707092,0.038834356,0.026577996,-0.032742962,0.033670943,0.06269021,-0.019011509,-0.06733429,-0.021576155,-0.06300286,-0.031813253,-0.06743159,-0.065661214,-0.11840855,-0.07523893,-0.03504263,-0.014956028,-0.04880352,0.016421005,0.050080236,0.048902307,0.013490928,0.048187405,0.059699144,0.015681632,-0.028501023,0.025265567,0.067274444,-0.06843935,-0.090169065,-0.055652313,-0.0032044402,-0.08650187,-0.02487408,-0.039630577,-0.015097856,-0.16930619,-0.07919253,0.005471811,-0.08537432,-0.024765287,-0.010639289,-0.070529215,0.10005751,-0.046292644,0.025025763,0.0024570886,0.06026354,0.05496045,-0.009718564,0.025139563,0.0285235,-0.006083749,-0.020259619,-0.03908334,-0.039091498,0.070371136,0.050293308,-0.03913234,0.097155906,0.03574801,-0.0059798905,0.001375551,0.001586657,0.0020250655,-0.0021940006,0.017019084,-0.05133399,0.052514244,0.06557544,-4.491478e-33,0.04619177,0.04095012,-0.062136166,0.010083307,0.04368634,-0.008113878,-0.024571117,0.018698202,0.09601884,0.052922077,-0.09258546,0.03401751,-0.0013828535,0.00073919294,0.00032074362,0.003348326,-0.053354092,0.037699457,-0.009346332,0.017863961,-0.026017517,0.17788951,0.059396595,-0.03995458,-0.0047178045,0.02973848,-0.07768994,0.074327596,-0.007344836,-0.024898754,-0.027809894,-0.07941739,-0.11879028,0.0027505616,-0.06198415,-0.039685458,0.08628096,-0.016345339,-0.068564355,0.06693323,0.008828143,0.053683616,0.04510331,0.015236882,0.0040807985,-0.05484774,0.0074433475,-0.004711087,-0.031031497,-0.07162899,0.024824636,0.004780379,0.10165731,-0.0018593109,0.05413479,0.029341884,0.024160357,-0.0041333567,0.018332371,-0.058040265,0.076409794,0.024186188,0.021290028,0.03868861,0.030284798,-0.06020056,0.079716384,-0.09069187,0.05026992,-0.037620902,-0.029159125,-0.108573645,-0.1286223,0.018734695,0.047823165,0.022371465,0.029298794,-0.030096024,-0.038457107,-0.004454275,-0.013372908,-0.0082411645,0.014679862,0.0072802915,-0.044866588,-0.079799846,0.082457714,-0.037579168,0.03871049,0.049227133,-0.052811235,0.018507164,0.020703401,0.107925676,-0.014777068,-5.6182966e-08,0.05502689,-0.03440028,-0.06044769,-0.018247535,0.008628301,-0.07308014,-0.051247854,0.02989692,0.0019328224,0.012040846,0.058188517,0.015336415,-0.04730892,0.0044501014,-0.029599259,-0.039623994,-0.043951336,0.027246201,-0.071196355,-0.060701903,0.0058530937,0.027473168,-0.0015125363,-0.05646123,-0.009562807,0.014792679,-0.05309769,0.064384654,0.05887865,0.05358153,-0.012044381,0.049868908,0.11693391,-0.101924025,-0.09038058,0.021352384,0.025576893,-0.0033968205,0.11112046,0.102802195,0.0010951684,-0.040062364,0.058409143,0.053856164,0.039445862,0.039202135,-0.12871866,-0.057729192,-0.0052885977,-0.10558144,-0.004278619,0.001624551,0.042650364,0.033322923,0.004765312,-0.009169709,-0.08879189,-0.06658804,0.078878716,-0.015349299,0.1417115,0.035836518,-0.03612093,0.018950125

CHUNK_2
-0.101148695,0.018960234,-0.08366901,-0.07789324,-0.02492687,0.054647926,0.07132759,-0.019471865,-0.01244505,0.026616976,0.08688397,-0.044053152,0.0649417,-0.019983117,-0.013718541,0.067274064,0.025839176,-0.05633395,-0.035272975,-0.0452798,0.031090828,0.07778801,0.030055834,-0.03614977,-0.010186306,0.02700843,0.02271709,-0.0227779,-0.021847207,0.019418722,0.060132727,0.010235438,-0.024054648,-0.022299023,-0.0072205258,0.008971139,-0.06428815,0.053248335,0.049682472,-0.054229345,0.06025209,-0.049872164,-0.009779626,0.028852882,0.03368009,-0.0037249376,-0.006468674,0.022711009,-0.040266916,0.050182343,0.023876676,-0.0087927235,0.00019451758,0.06437823,-0.0074607376,-0.11337367,-0.029254293,-0.011263429,-0.040646534,0.08083494,-0.023565449,0.1140848,-0.02503076,-0.024335913,0.007901045,-0.013718947,-0.032502797,-0.054899536,0.006774292,0.009198229,0.034036037,-0.014917995,0.02094988,-0.020106593,-0.059818838,0.026023537,-0.035422124,0.097119346,0.026652947,-0.10266271,-0.00067655253,-0.0060787774,0.088728964,0.028760742,-0.023329925,0.0071141254,-0.010226683,-0.061074484,-0.061500337,-0.03440791,0.103378534,-0.004696374,0.08833438,0.020457814,0.073472396,-0.07958533,-0.022554442,-0.017871482,-0.05822045,0.0015916815,-0.035838515,0.009225216,-0.12926741,0.017809246,-0.13908556,-0.10932707,0.015015328,0.017693909,0.024385866,0.05247659,-0.06321929,0.02072345,-0.06578037,-0.021048129,-0.03621631,-0.012357838,-0.03350711,0.058541924,0.030251617,-0.030176831,-0.052625947,0.07442044,0.03588083,-0.012058023,-0.008651291,-0.063199304,-0.034993995,1.0681515e-32,-0.08971384,0.0044418434,0.0243421,-0.008348684,-0.075159684,-0.06669452,0.019580044,-0.010900318,0.01209581,0.0023658727,-0.013157812,-0.018517707,0.02259545,-0.0011914992,0.028381832,-0.025241893,0.048235264,0.02891825,0.044969458,0.09699447,0.03161102,-0.013594243,0.051907968,0.07023005,0.06608041,0.04231871,0.03486008,0.029810768,-0.02064353,0.034421675,0.054178752,-0.03203175,-0.04672176,-0.07793422,-0.034697935,0.0029090163,0.036943384,-0.02602424,-0.096752055,-0.028998187,-0.033092696,-0.005098121,0.060159516,-0.014099436,-0.0011067612,0.061260805,0.04018506,0.08275983,0.02409124,0.043510187,-0.07866546,0.043235082,0.013222583,-0.043059327,-0.038455136,-0.062364455,-0.046083614,0.0059762993,0.013208957,-0.059073977,0.011993269,-0.14258315,-0.08429295,-0.026518306,-0.079845786,-0.028143363,0.0357446,-0.09129316,0.044251584,-0.020879176,0.0095612975,0.011738478,0.01451299,0.037824634,-0.09640134,0.077936016,0.01838566,0.066199094,-0.03846506,0.008862843,-0.09467998,0.012730847,0.06879191,-0.039592065,0.050555453,0.038114835,0.017779587,0.016753457,-0.020517092,-0.029214745,0.055879217,0.029520527,-0.07749327,0.035079565,0.015341872,-1.325744e-32,0.004266519,-0.003647162,-0.06547066,-0.09343637,0.04424052,-0.012331637,-0.007810948,0.020051595,0.05061822,-0.0021049962,-0.046090998,0.040610068,0.0030456951,0.0117885955,-0.06245547,-0.018663367,-0.08355305,0.077163674,0.052239746,0.028850604,0.04899412,0.11837409,0.07461956,-0.044653066,0.001238492,-0.003233879,-0.034607764,0.038425207,0.0013785792,0.025410576,0.056246765,-0.11538982,-0.0790772,0.06973175,-0.13358533,-0.0890937,0.10569241,-0.008959448,-0.07746094,0.04813456,-0.015186841,0.07306699,-0.015836934,-0.0017445502,0.0051230947,-0.05824002,0.037853405,0.024768887,-0.02567172,-0.08405468,0.020704705,-0.00793777,0.10382086,-0.012677817,0.035053186,0.05976583,0.06260776,0.028572254,0.03546372,-0.054656185,0.08822382,0.017492563,-0.036008477,0.06185119,0.025984136,-0.06570202,0.067518644,-0.029851317,0.06911693,-0.069669865,-0.02248336,-0.14058861,-0.05908465,-0.0041195457,0.07785951,0.0014683967,-0.0016974115,0.04917066,-0.03900398,0.016859986,0.009445151,-0.009146352,0.017102238,0.013217553,-0.030607112,-0.07246526,0.15605573,-0.08497951,0.01869335,0.017048202,-0.07061296,-0.010258637,-0.0365155,0.055135526,-0.04704204,-5.7078015e-08,0.031485174,-0.024120023,-0.017087149,-0.026838169,0.031329297,-0.01775972,-0.10566566,0.012108975,-0.023054784,0.0014033939,-0.017301235,-0.016879156,-0.03513257,0.007787431,-0.027413025,-0.043516144,0.038075425,-0.0012123318,-0.037997164,-0.03855798,-0.0067490195,0.028444894,0.012690393,-0.048980396,0.00031559504,-0.0123281265,-0.052894432,-0.011821968,0.006825258,0.033269867,-0.06631688,0.03336892,0.109880395,-0.09847266,-0.08499031,0.029006418,0.039258026,0.018948406,0.06504761,0.044044208,-0.063948855,-0.08634056,0.08649089,0.05969035,0.05438063,0.008116318,-0.075517245,-0.08373152,-0.003628292,-0.09806631,-0.019390456,-0.03047161,0.048322316,-0.015807297,-0.030018011,-0.03102038,-0.07906504,0.0077547072,0.035997164,-0.0010328398,0.12675768,0.007093543,-0.030865729,-0.006688994

CHUNK_3
-0.05866643,0.04432572,-0.08864904,-0.025914073,-0.043830674,0.075779915,0.015735084,-0.055029556,-0.034554612,-0.00647545,0.0566536,-0.06425224,0.02707058,-0.044883713,-0.0027201013,0.0023098323,-0.0040826336,0.025374833,0.015105829,-0.028865641,0.010535388,0.07182472,0.008990391,0.013896438,-0.027782606,-0.027677113,0.015161538,-0.023148915,-0.01494312,-0.0151092,0.02051105,-0.009157282,0.0748813,0.0021947394,0.010455638,0.009972929,-0.03014573,-0.0044837226,0.054268196,-0.022706361,0.040748727,-0.06758611,-0.0022527715,0.010553948,0.031822223,0.04950533,0.022778988,0.0119228335,-0.0455612,0.046174467,0.012131545,-0.020365762,-0.030392708,0.058830954,-0.051076323,-0.07513242,-0.043103848,-0.038877312,-0.0029148303,0.03671253,-0.030541185,0.14215374,-0.027412182,-0.042701997,-0.0071894387,-0.058635082,-0.0036142329,-0.051423315,0.056551233,0.015613034,0.02289521,-0.011541793,-0.022114232,-0.001920647,-0.11614031,-0.0150959855,-0.035808142,0.06322201,0.01517218,-0.06450243,0.02289158,0.05156036,0.10115849,0.044063497,0.016228884,-0.026509102,-0.043336313,-0.037639547,-0.07284517,-0.030360755,0.13154268,0.021330383,0.101834595,-0.040248163,0.09322492,-0.06904955,-0.038726144,0.036617648,-0.004822541,-0.006671325,-0.05265548,-0.03301501,-0.11431111,0.008057292,-0.118526146,-0.00039744208,0.009761235,-0.023110349,0.028778547,-0.0003267613,-0.088984534,0.035808284,-0.076150835,-0.09276577,0.03280465,0.040649775,0.004454168,0.032756418,-0.009006201,-0.044993002,-0.0456346,0.026792629,0.05382303,-0.028360229,0.076328054,-0.06321121,-0.033016816,8.644661e-33,-0.07061927,0.0061152847,0.034942348,0.06600191,-0.064328946,-0.059147574,0.011033099,-0.05447808,0.006064081,0.06637001,0.05348605,-0.059296243,0.028804738,-0.09245007,0.0362925,-0.018124335,0.09334188,0.02107775,0.021490645,0.054833245,0.017529137,-0.0066285008,0.02554645,0.098862916,0.03259194,0.06914913,0.0028849484,0.0075906194,-0.02930228,0.013490921,0.07246079,-0.06525245,-0.0059528546,-0.03309202,-0.011836101,0.024998806,0.045098178,-0.01247467,-0.050501842,-0.07831857,-0.09790588,0.009636344,0.031473935,0.0462401,0.03002316,0.015671188,0.02308792,0.036132343,0.07326891,0.09128384,-0.05756853,0.008259518,0.02882656,-0.051599685,-0.040910937,-0.0729601,-0.012117258,0.05993595,-0.003749897,-0.051583655,0.040714115,-0.098239034,-0.12468858,-0.018817076,-0.055296797,-0.06453961,-0.036314968,-0.10791959,0.089725375,-0.06593652,0.004937179,0.043607738,0.012886193,0.01671661,-0.0748772,0.05093281,-0.044183843,0.030148396,-0.024367834,0.026762448,-0.029214585,0.063732766,0.06560025,-0.0049043163,0.12336566,-0.037417423,0.08870663,0.0025935536,-0.018607737,0.010247809,0.03412246,-0.039534196,0.023236059,0.027642928,0.029081311,-9.7744684e-33,-0.012384851,-0.04869598,-0.097550586,-0.026746815,0.014340666,0.036757544,0.010186381,-0.0014587132,-0.02719136,-0.06592113,0.018098224,-0.0107930815,-0.0023033984,0.02384164,-0.016642416,-0.005972696,-0.12068257,0.0883639,0.0058000204,0.05828337,0.053060185,0.06197722,0.06935168,-0.03774117,-0.0032971387,0.00740977,-0.025754936,0.016815806,0.03724267,0.05797627,-0.0290845,-0.10942207,-0.06419791,0.06867864,-0.10177323,-0.14000769,0.0757017,0.02393242,-0.06751607,0.06917033,0.017096557,0.02579254,0.018913101,-0.030470466,-0.04696031,-0.015620853,0.064235896,0.04390379,-0.034922287,-0.040037252,0.015662352,-0.0054776543,0.06409774,0.014553226,0.056002952,0.07195225,-0.0023864948,-0.012547528,0.050259355,-0.03580684,0.09077564,0.057694122,-0.063436806,0.10742535,0.0692311,-0.06932684,-0.043730427,0.014795422,0.02935331,-0.046398584,-0.047111865,-0.15274389,-0.019588644,-0.0004285913,0.063508004,-0.06691424,0.032728598,0.059989855,-0.018111318,0.020998709,-0.014155737,-0.044490874,-0.020642804,-0.019743009,0.04290426,-0.04570461,0.15553918,-0.08166787,0.05241529,0.040792424,-0.040175103,-0.029302498,0.018987153,0.02547128,-0.046646535,-5.330247e-08,-0.01946746,-0.049331095,-0.020271895,-0.04368614,0.07354217,-0.019933647,-0.077728614,-0.02497105,-0.05023945,0.068476744,0.024758518,-0.0013430521,-0.013247028,-0.09439689,0.014351846,-0.072395615,0.05740671,0.01905131,-0.021951497,-0.026025794,-0.03207787,0.007933479,-0.0002704794,-0.011900155,-9.342103e-05,0.0032388875,-0.034183506,-0.02062633,0.031718448,0.049970422,-0.019138787,0.048485186,0.09395851,-0.07031757,-0.048946876,0.0422222,-0.03875161,0.024233788,0.050582796,-0.00559934,-0.08646387,-0.02523134,0.040284194,0.066530704,0.074749865,-0.012448451,-0.045924842,-0.06512089,-3.5782498e-06,-0.11993242,-0.043901615,-0.044599462,0.060206097,-0.013779298,-0.01729986,0.023180006,0.060949016,0.028935812,0.03349529,-0.014637341,0.12285543,0.035903033,-0.037816644,-0.0042795627

CHUNK_4
-0.040478583,0.065885134,-0.009939548,-0.025436796,-0.019047352,0.0624789,0.029471774,-0.075987615,-0.011419313,0.00806595,0.05517415,-0.057055376,-0.008139184,-0.030019864,-0.06964626,-0.033583377,0.03260115,0.044402592,-0.020951623,0.030348845,0.049375087,-0.03308795,-0.02454511,-0.032604225,-0.054308534,-0.0235074,-0.046195734,-0.050390467,-0.023605222,-0.0416109,0.029510917,-0.03281758,0.040196277,0.0027513774,0.04793082,-0.02277663,0.06369164,0.02638848,0.06643754,-0.026886968,-0.02074805,-0.046922456,0.009424073,-0.017962446,-0.02716591,0.0719992,-0.014792311,-0.012280066,-0.05517223,-0.0087031135,-0.023581682,-0.083181605,-0.014492561,0.034766782,0.012667427,-0.07343466,0.01989937,-0.0861447,0.0036666666,0.033380404,0.011757226,0.02810576,-0.055144146,0.0027705715,0.01558883,-0.0125007965,-0.0038042392,-0.07880972,0.027452795,-0.045914844,-0.008010998,-0.07812656,-0.003993908,-0.036928482,-0.02159,0.05210168,-0.068481095,0.034919955,0.05918572,-0.12960993,0.049286675,0.102841526,0.0249679,0.018894348,-0.020123785,-0.0015564634,-0.038773518,-0.036405995,-0.048145674,0.018540125,0.07479612,0.005266567,0.06258041,-0.039180916,0.033963718,-0.078714915,-0.01502603,-0.007908967,0.04054842,-0.013999761,-0.039988857,-0.018349268,-0.057838563,0.006820931,-0.106794275,-0.0088151535,0.04488732,-0.038124938,-0.0045702816,0.09958659,-0.021471553,0.06446755,-0.12525384,-0.10589727,0.03611965,0.06416073,-0.047034547,0.05999137,-0.017865784,-0.009266034,-0.030846024,0.012679175,0.0053318916,-0.037692465,0.012561153,-0.051606514,-0.04780739,6.660867e-33,-0.031160299,0.04221712,-0.0381327,0.063702725,0.03667404,0.057124462,0.008284662,-0.07748002,0.015119747,0.053331345,-0.012955442,0.043941088,0.06553067,-0.14226854,-0.012379464,0.08065575,0.10900148,0.06897878,0.012324864,0.0351878,0.10766714,-0.03612277,-0.015345208,0.06509741,0.09416322,0.021863924,-0.063884504,-0.029535607,0.051995583,0.026191222,0.010572488,-0.0010542609,0.03424867,-0.0014170486,0.081332296,0.015263303,0.080918394,-0.033348385,0.02898721,-0.039520342,-0.011817182,0.00852675,0.111726716,-0.026396325,-0.04293043,-0.0048850058,0.048678853,0.03848159,0.064068764,0.06847539,-0.051489968,-0.009048623,-0.02882845,-0.0653786,-0.022710443,-0.05145196,-0.033494443,-0.028863283,-0.015322863,-0.058987077,0.06618444,0.062115323,-0.041667357,-0.032235928,-0.0004387708,-0.10806686,-0.079812266,-0.11255291,0.089842506,-0.08292377,-0.047979012,0.062439572,0.04394364,-0.014570848,-0.09065496,-0.0018763997,-0.008757992,0.037667926,-0.020277308,0.014358721,-0.019900749,0.040694267,0.055637226,-0.02757091,0.091525406,-0.02633487,0.028412934,0.03688063,0.001539053,0.06297715,-0.007599569,-0.079429574,0.0017344633,0.07075788,-0.050237384,-9.5235915e-33,0.02357295,-0.053322744,-0.02412993,-0.081384934,0.03545976,0.06596126,0.029464103,-0.024987854,-0.02174564,-0.0695509,-0.028201338,-0.036856785,0.018264627,-0.012338973,-0.027596751,0.012162208,-0.07517479,0.044457864,-0.07793321,0.0012158051,-0.015859056,0.08720711,0.012523865,0.055187363,-0.002483719,0.012378327,-0.027586196,-0.016825782,0.052603405,0.0678568,-0.0951556,-0.05817257,-0.07707372,0.09772486,-0.11246014,-0.13771993,0.044017486,-0.017021503,-0.0108003365,0.07561466,0.038517237,0.09106102,0.06302439,-0.0067228344,-0.010479999,-0.071274005,0.0058724713,0.012138409,-0.04877374,0.003940631,-0.011292826,-0.105386555,0.035704516,0.028181098,-0.020645285,0.0849258,0.07475434,0.023003075,0.0893343,-0.0015703043,0.13882753,0.05024089,-0.098848894,0.05472577,0.032983918,-0.032559875,-0.06711332,0.008697509,0.054964352,0.015436884,-0.02792326,-0.17693914,-0.005221134,-0.07662231,0.010334963,-0.011680757,0.038941167,-0.007746451,-0.056458276,0.031175412,0.032438617,0.037576184,-0.022088872,-0.0009274722,0.09909162,0.051651385,0.07894771,-0.07937051,0.008164717,-0.0052540232,-0.08861215,-0.105883785,-0.011511605,0.018547362,0.007237111,-5.77396e-08,0.026521884,0.021426834,-0.031116506,-0.04650413,0.083442815,-0.06366058,-0.06343103,-0.059697606,0.013227037,0.037550427,0.07026856,-0.01615116,-0.03386963,-0.064359754,0.032238524,-0.02967786,-0.022579867,-0.0056087533,-0.023781613,-0.035320446,-0.08833481,-0.050181285,-0.06634749,0.043299723,-0.048129432,0.008815354,-0.019100478,0.0293167,0.027149117,0.10096691,-0.053035866,0.033507057,0.067521974,0.04849763,-0.027633907,0.017855242,-0.04157951,-0.014630427,-0.010909426,0.021214716,0.033603147,-0.012021902,0.03200923,0.088781804,0.014726432,0.004366403,0.0076941308,-0.04782629,0.013274265,0.008854214,-0.02856196,-0.0159777,0.012917354,0.057655714,-0.054991562,0.05114643,0.05611089,0.04482464,-0.056212284,-0.019388268,0.0763038,-0.006421606,-0.005834755,-0.019948272

CHUNK_5
-0.03583554,0.082729585,-0.09259494,-0.12048323,-0.021811279,0.030433081,0.056469116,-0.029381696,-0.033550974,-0.010622626,0.09188231,-0.059867915,0.068388544,-0.00095237413,0.014540976,0.040565494,0.06438779,0.043328732,-0.054137994,-0.013356801,0.07602342,0.04478759,0.040375434,-0.05007288,-0.022000737,-0.05181258,0.031845555,-0.015084897,-0.020399598,-0.047309387,0.002625545,0.009329956,-0.011115439,0.04816258,-0.018901393,-0.052230135,-0.0421584,0.071369275,0.042593498,-0.04553283,0.015372687,-0.04713907,-0.015244206,0.056838613,0.028582038,0.052589756,-0.03571452,0.03157547,-0.057164144,-0.001280531,-0.08119196,-0.019877305,-0.035749037,0.081764214,-0.040278226,-0.1535766,-0.022612792,-0.004818421,-0.021667937,0.07558734,-0.00074082613,0.038634967,0.006752843,-0.035500847,-0.0106982095,0.0029845082,-0.0013321743,-0.08137707,0.05965057,0.044660643,0.053020228,-0.022940349,-0.047043484,0.011162216,-0.07303109,0.014984627,-0.10127347,0.07254599,0.02294175,-0.096139826,0.036008738,-0.032949977,0.0803545,0.013798535,-0.0070699123,-0.02889157,-0.004690233,-0.04269062,-0.025795957,-0.019092591,0.09041183,-0.0035678018,0.08756663,-0.03479604,0.09292476,-0.08341716,-0.036199085,-0.013423844,0.0155335525,0.009242083,-0.093007915,0.013299087,-0.12052192,0.072042346,-0.09327021,-0.017044682,0.017874751,-0.0072251195,0.026501516,0.051709533,-0.05345342,0.059698507,-0.061073914,-0.06694597,0.010573703,0.042301193,0.037681084,0.08016041,0.0529227,-0.010362442,-0.07920197,0.050076846,-0.008006696,-0.000854743,0.03523795,-0.03074828,-0.027723312,7.551133e-33,-0.011748476,0.0453975,-0.0449031,0.025372649,-0.08137469,0.0031858585,-0.025391297,-0.053675003,-0.011899213,-0.0049757934,0.008748664,-0.055878222,0.06270629,-0.0770988,0.029617723,0.07524794,0.04066457,0.03522369,0.058490824,0.068825245,0.09635463,-0.03280964,-0.023533417,0.09855966,-0.038398564,0.0066455044,0.043026563,-0.036214065,-0.01910998,0.018233823,0.009877757,-0.03541725,0.007873655,0.0014678076,0.071874976,0.061226852,0.07115795,-0.00088507985,-0.0054418747,-0.013958644,-0.06361663,0.052138302,0.032518018,-0.03753187,-0.006655336,-0.02286067,0.00847634,0.07898592,0.056374453,0.09007104,-0.03485972,0.06589134,0.013937412,-0.04643729,-0.049326338,-0.050724924,-0.058764763,-0.02592604,-0.013471666,0.004977856,0.025067056,-0.03799953,-0.06878758,-0.017030966,-0.04796607,-0.07281558,-0.050323434,-0.115074,0.0452417,-0.08415846,-0.018846244,-9.812926e-05,0.0046657496,0.0095815305,-0.12070969,0.050761785,-0.0022000056,0.04052658,-0.027010161,-0.05032823,-0.026146665,0.06456044,0.055204235,-0.04932178,0.03643239,-0.030102614,0.029161159,-0.042186994,-0.02943869,0.02355326,0.08388458,-0.022392204,-0.055945203,0.069558606,0.010548689,-8.502557e-33,-0.070793055,-0.074076116,-0.07438909,0.014777707,0.031887148,-0.002066749,0.05163506,0.036957607,0.0021109679,-0.047393244,-0.05944102,-0.022745902,0.05505162,0.014875097,-0.049533002,0.03051515,-0.0697969,0.12471805,-0.04650416,0.05441161,0.045214135,0.08285162,0.031754427,0.04513278,-0.03588658,0.04389099,-0.026132405,-0.042038895,0.050565463,0.014165808,0.03348762,-0.0309051,-0.08520071,0.067026466,-0.09567912,-0.111424595,0.08928652,0.031910036,-0.028653445,0.061794937,-0.02525557,0.12154983,-0.0614002,-0.04321479,-0.017235992,-0.027369006,0.03818456,0.010364458,-0.036818,-0.06299246,0.067898996,-0.03907336,0.10920757,-0.017942466,-0.010415201,0.010502206,0.015676348,0.012248244,0.058352016,0.024924286,0.10742532,0.059086148,-0.057722803,0.08919366,0.0533379,-0.030339645,0.008123088,0.03153114,0.0032527237,-0.036605086,-0.020551944,-0.14056532,-0.064120814,-0.027835632,0.08562946,-0.052011777,0.028713949,0.08743403,-0.0625611,0.038815863,0.014137403,-0.0028270532,-0.037933417,0.012081835,0.041681115,0.00071221153,0.039892424,-0.036136106,0.021254102,0.004078966,-0.06089235,-0.021217698,-0.06752379,0.025384026,0.0071952767,-4.9886218e-08,0.04062943,-0.02809194,-0.020942738,0.03096216,-0.0064673773,0.024583774,-0.083508156,-0.010964138,0.00040328797,-0.0088782385,0.045805763,-0.015141041,-0.014408771,-0.01759027,0.002989621,-0.038181543,0.081710964,-0.035604898,-0.011266314,-0.004823333,-0.06563219,-0.036647025,-0.0002556149,-0.025497017,-0.008996454,-0.027380187,-0.03037705,0.012538675,0.022121847,0.08834254,-0.078096054,0.034611728,0.07976546,-0.082361445,-0.08472075,0.015960585,0.028498344,-0.018075574,0.03438409,0.043997794,-0.042975485,-0.07687677,0.016986033,0.08367139,0.10319561,-0.0130308,-0.002642358,-0.117580004,-0.051509198,-0.032534886,-0.029843835,-0.067676276,0.04542855,0.04021403,-0.027460046,0.008507229,-0.013788914,0.02791059,0.032993343,-0.0003388802,0.15046145,0.016509535,-0.03423328,-0.01146766

CHUNK_6
-0.03384574,0.037049413,-0.07706142,-0.09526531,0.0057550184,0.033837233,0.05422689,-0.05009341,-0.027482856,0.023445575,0.11171772,-0.052323315,0.07788114,0.008133684,0.0062513435,0.012437413,0.033713214,0.035063025,-0.08558003,-0.024749424,0.07305362,0.0011875456,0.00575765,-0.036663547,-0.03145619,-0.035063937,0.042109445,-0.037251174,-0.010705035,-0.01824171,-0.021343742,-0.020641522,-0.010715729,0.0399338,-0.043208286,-0.044847563,0.029304279,0.03527517,0.09827315,-0.090357885,0.049116153,-0.026816478,-0.0011798269,0.038384818,0.022511033,0.01184698,-0.009513021,0.0042002406,-0.084316805,-0.028406963,-0.023928106,0.00088890275,-0.040775143,0.08535126,-0.05042682,-0.15934354,-0.009985458,-0.00248823,0.006109409,0.052457992,-0.02218552,0.07972698,-0.0036858788,-0.02582504,-0.017995836,-0.0097445855,-0.014489712,-0.040538583,0.044285614,0.026082646,0.039235104,-0.05205336,-0.013741133,-0.005726985,-0.083547726,-0.00894562,-0.09790095,0.06903718,0.007678619,-0.12316003,0.0672385,0.01761526,0.13054785,0.04894292,0.0042001004,-0.01730821,0.00026832093,-0.022542173,-0.00824617,-0.034220535,0.10597778,0.009508848,0.110295616,-0.049793877,0.09469362,-0.06852074,-0.02902626,-0.012956372,-0.022959815,-0.006897978,-0.097189404,0.0024823388,-0.14272125,0.015379426,-0.07260282,-0.018420773,0.009257236,0.012856603,-0.0018628046,0.04782843,-0.061401363,0.0626424,-0.059030317,-0.09021288,0.039730724,0.037230916,-0.001058238,0.08805663,0.03000811,-0.02862679,-0.04507098,0.0788285,0.04190856,-0.006684855,0.05272246,-0.019332582,-0.034126256,8.087544e-33,-0.0152433505,0.039202973,-0.030592615,0.0071076574,-0.10058205,-0.020862356,-0.024774535,-0.037277907,0.018648755,0.06578972,0.015455396,-0.055817872,0.0518684,-0.07546113,0.06841191,0.057980195,0.075214185,0.0044239885,0.08085371,0.10533801,0.070673615,-0.020745212,-0.0052041486,0.077842526,-0.010042545,0.027077626,0.012415418,-0.033767354,0.011607997,0.031272795,0.05740543,0.009565598,-0.021906063,0.008354881,0.031289708,0.035224054,0.05252142,-0.024008943,-0.0006827718,-0.023318585,-0.059856407,0.04454066,0.035597917,-0.032943547,-0.0037653316,-0.02061253,0.026667325,0.08715338,0.07604848,0.082849376,-0.034780573,0.085021585,0.025841214,-0.017168773,-0.039415363,-0.008318934,-0.017341997,0.014142929,0.009882513,-0.024414344,0.038087275,-0.10098414,-0.099604234,0.008107009,-0.022907207,-0.0702298,-0.06382252,-0.09776963,0.028722083,-0.040886477,-0.031762775,0.008459972,0.0010761332,-0.0010261178,-0.104907535,0.04699327,0.017909845,0.02295841,-0.059819233,-0.008393582,-0.069741815,0.03608278,0.051979277,-0.08466793,0.08428804,-0.010069643,0.02602432,-0.025131289,-0.01937878,0.00091449183,0.07836021,-0.015584829,-0.04355838,0.08841986,-0.046403557,-9.189611e-33,-0.04606998,-0.042929754,-0.08330358,0.017539902,0.043946464,0.03671567,0.015402627,-0.018866198,0.011738978,-0.027377589,-0.052937906,-0.033723347,0.06317378,0.049636252,0.027805248,0.001958405,-0.0632659,0.096437834,-0.03569376,0.051344104,0.049491316,0.076001614,0.0798601,0.019039653,-0.0012156127,0.01881149,-0.023104182,-0.005641795,0.020462511,0.031521708,0.030386573,-0.011203342,-0.08682083,0.05343253,-0.14807992,-0.13738726,0.04778403,0.014379785,-0.056814402,0.06019314,-0.08897105,0.117346875,-0.046160415,-0.054759234,-0.071009465,-0.05902902,0.0036118971,0.01139037,-0.030659137,-0.055301614,0.025683861,-0.010466289,0.08422796,-0.028245963,0.02801905,0.0027161383,0.037811734,0.029613705,0.045344096,-0.023246164,0.07366612,0.04925827,-0.052334107,0.11997602,0.04798635,0.0051349015,0.02017882,-0.013370346,0.037572484,-0.060174324,-0.025444306,-0.13844326,-0.09426522,-0.0096591255,0.036231946,-0.04849132,0.02427593,0.023253942,-0.034390617,0.017716482,0.03131131,-0.028681345,-0.019727686,0.018222744,-0.014878175,-0.02769285,0.065759346,-0.04258201,0.051522166,-0.012917285,-0.062916875,-0.03649074,-0.045001924,0.008441707,0.03482617,-5.2253508e-08,-0.031473354,0.0047087343,0.0038165587,0.055631664,0.024690622,0.015354528,-0.11009152,-0.052139264,-0.013639908,-0.041186374,0.056530792,-0.044131596,0.02128694,-0.042677958,-0.008395505,-0.06851176,0.05974424,-0.024542006,-0.020432536,-0.007160437,-0.080739126,-0.031516984,0.0012934527,-0.0343115,-0.022298602,-0.019780817,-0.020018997,0.025423551,0.038396098,0.10142831,-0.08054647,0.025782742,0.07679019,-0.08674314,-0.07539795,0.030205863,0.034104235,-0.0066205263,0.030435035,0.038004797,-0.017635183,-0.065593265,0.038501006,0.080288544,0.07066908,-0.006901863,-0.011673243,-0.0824253,0.00525919,-0.0656945,0.0064452994,-0.012574362,0.008302964,0.06543356,-0.020804275,0.03242895,-0.014367732,0.041050654,0.0019327874,0.0123940585,0.10250696,0.003611886,-0.022071179,-0.06583708

CHUNK_7
-0.08286509,0.049047776,-0.09769796,-0.042523745,-0.04626171,0.006367781,0.027016668,-0.05879656,-0.06570908,0.014962329,0.044042937,-0.01363931,0.024381913,0.015246659,0.00962638,0.061887015,-0.041653235,-0.0142092435,-0.07639806,0.015276946,0.03649407,0.061705403,-0.0020072567,-0.0037104283,-0.014606088,-0.024785236,0.022757545,-0.019233989,-0.03307467,-0.024356999,0.04055393,0.01041849,0.014568947,0.011464557,-0.04262265,0.0027528356,-0.038846716,0.05928114,0.070710525,-0.08762116,0.048553698,-0.075965874,-0.017621314,0.034007307,-0.011605963,-0.0007735672,-0.017387506,0.0012649529,-0.055355325,-0.0020686628,-0.039075673,0.01020059,-0.03115153,0.10120675,-0.032168236,-0.15316111,0.018747559,-0.010928169,-0.015021054,0.074145354,-0.07746433,0.059230722,0.0013587935,-0.030885871,0.055723164,-0.032211192,-0.015890388,-0.055511914,-0.018749183,0.0021259724,0.008059544,-0.039642762,0.033284802,-0.038876966,-0.055282243,-0.028684735,-0.056346487,0.076341026,0.009713603,-0.10052101,0.024416136,0.0038007433,0.06349212,0.08546521,0.03146056,0.016625691,-0.023163017,-0.042943843,-0.025947647,-0.0048266025,0.10590143,0.055627078,0.042438775,-0.006236381,0.06405838,-0.055082683,0.016048947,0.001573951,-0.056883026,0.01840954,-0.038960025,-0.010593232,-0.1227818,0.01094849,-0.13614945,-0.07605591,0.03459751,-0.033073068,0.015249414,-0.0067063975,-0.07515776,0.05028815,-0.08107864,-0.055837873,-0.0047913576,0.015799496,-0.019415494,0.113512374,0.035817098,-0.05661453,-0.10131738,0.064338244,0.052957006,-0.040195193,4.4135923e-05,-0.00839992,-0.021181403,5.662231e-33,-0.035545725,0.03328443,-0.0057717892,-0.018756863,-0.094019994,-0.087300934,-0.04404442,-0.026074085,0.008541507,0.007159621,0.059416216,-0.027438924,0.04791782,-0.08252186,0.058984816,-0.020803085,0.04869834,-0.03522283,0.054080132,0.073978215,0.031867493,-0.010871837,-0.015486938,0.03139264,0.040207352,0.03992186,0.04827437,0.022123162,-0.03365696,0.040170312,0.05539284,-0.0107051,-0.02857473,-0.01675973,-0.031119497,0.018683352,0.022765197,-0.005033352,-0.094806395,-0.064172894,-0.051965974,0.013976974,0.00365776,-0.00088748644,-0.017597565,0.06458422,0.037953477,0.04798789,0.036279004,0.10097917,-0.04764598,0.04707713,0.056533843,-0.05510747,-0.006218868,-0.05945035,-0.02960672,-0.024157017,0.0141492775,-0.05205472,0.022440925,-0.10617417,-0.059098423,0.019004082,-0.05333055,-0.032426875,-0.04293213,-0.114952296,0.051454708,-0.031220032,0.0019432085,0.016658222,0.0013896344,0.04941468,-0.061606273,0.05246763,0.02738012,0.05336945,-0.044247273,-0.028238673,-0.046193358,0.019598402,0.0721755,-0.044796016,0.1361305,-0.000596492,0.012673439,-0.043159604,-0.033365604,-0.018158749,0.061875097,-0.0061325417,-0.017691392,0.039058693,0.030607758,-7.192978e-33,0.027700793,-0.028916761,-0.09511058,-0.0014667168,0.012605698,-0.0024379496,-0.018644815,-0.015715687,0.081898995,0.0073490394,-0.0300997,-0.011776572,0.032458056,0.028189383,0.043326475,-0.008257922,-0.06753944,0.095267445,0.020325243,0.059729423,0.044957902,0.15143012,0.04042132,0.02502158,-0.017677799,0.0031544738,-0.059531968,0.021607049,-0.00063592655,-0.011163811,-0.0049147718,-0.08160407,-0.055250365,0.043655135,-0.109913565,-0.13316713,0.0816806,-0.009157747,-0.030114032,0.07633207,-0.063713886,0.09013458,0.019690113,0.034098957,-0.02619408,-0.09138257,0.057249542,0.050651632,-0.07150673,-0.064505845,0.04539372,0.010152715,0.067975394,-0.062908106,0.07157217,0.032767184,0.0453548,0.017973067,-0.012619688,-0.057555195,0.09524452,0.035045743,-0.02076667,0.08708383,0.03505622,-0.042704303,0.07587296,-0.009417632,0.09188755,-0.06277357,-0.024556814,-0.15854113,-0.09240241,0.037802864,0.044278834,-0.008762315,0.017338691,0.037955407,0.00062301964,0.020513674,0.023989268,0.023630396,0.0011260245,-0.026184972,0.050209936,-0.026036762,0.08625329,-0.056930065,0.030386766,0.015659748,-0.024635356,0.023877498,0.0005243401,0.09501988,-0.013542885,-5.2884715e-08,0.009272664,-0.04211082,-0.019175965,-0.0022643104,0.06558379,-0.005855189,-0.08058285,-0.04901607,-0.014072146,-0.020524675,0.044331577,0.01846618,-0.02731225,0.004728314,-0.032263458,-0.07109278,0.071930975,0.021393016,-0.062502146,0.01371765,-0.03474655,-0.03149451,0.000766879,-0.018828215,-0.0016530469,0.008751011,-0.002940636,0.00013031246,0.032922626,0.05802,-0.08254243,0.02808308,0.08279609,-0.08157041,-0.089130685,0.072912425,0.04263452,-0.013269425,0.06979896,0.080383345,-0.00769974,-0.09463116,0.07854531,0.051561564,-0.001794417,0.029312259,-0.08933187,-0.08857098,0.0065687634,-0.09972618,0.008492086,0.00026560755,0.05401345,0.028781949,-0.021179063,0.048400518,-0.032565385,0.05096439,0.004138932,-0.05205499,0.1359517,0.05027815,-0.024876582,0.002079527

CHUNK_8
-0.048697136,0.051533867,-0.02190831,-0.07827038,-0.01678215,0.028808169,-0.009597696,-0.050982494,-0.09280783,-0.024178933,0.06939165,-0.08831103,0.016711652,0.022319255,-0.015379971,-0.01986273,0.024620116,-0.046394642,-0.0303297,-0.04174869,0.02377947,0.022620572,-0.0589537,-0.008526506,-0.052085374,-0.056973968,-0.0025602446,-0.04022831,-0.017974544,-0.024979156,0.057007648,0.083070144,0.0036598912,-0.05145548,-0.015856568,-0.036365643,-0.0021060733,0.036927182,0.04407204,-0.047705587,0.04667616,-0.104197316,-0.043713514,-0.01603819,0.055583194,0.0070997397,-0.003972804,0.009863454,-0.030385654,0.00811274,-0.034195945,0.0063029975,0.035489477,-0.009941661,0.039177302,-0.122709975,-0.03804016,-0.050354954,-0.054886237,0.05170502,-0.0062252586,0.0331159,-0.032593668,0.051027324,0.034273684,-0.06632803,0.017753368,-0.034953747,0.0014983398,-0.05646416,0.023131765,-0.061237734,0.015440073,-0.03272041,-0.08671929,0.068870775,0.0064136237,0.12042181,-0.028133785,-0.175603,-0.007800266,0.017071456,0.11781719,0.040493913,-0.012118602,0.02888287,-0.062731855,-0.046654657,-0.013563892,-0.007839398,0.09025289,0.031029727,0.09489985,0.0059065125,0.057303485,-0.004963759,-0.02998777,0.008645569,0.04577232,0.035384823,-0.09348328,-0.015166235,-0.121571355,0.04774688,-0.11674905,-0.012491618,-0.0297095,-0.0364955,0.042692825,-0.014208341,-0.057962693,0.048161127,-0.0033904377,-0.010554847,-0.075118676,0.03529571,-0.053009905,-0.0051615676,0.060540553,-0.022794357,-0.022420928,0.049415197,0.031685945,-0.06567096,0.012210421,0.020036545,-0.03670046,-7.377783e-34,-0.05136078,0.003633066,0.056065984,-0.009488487,-0.028739605,-0.023917984,-0.027829638,-0.049502775,-0.016225068,-0.005883762,-0.020579563,-0.03249463,-0.011661179,-0.09713339,0.05725635,0.032576267,-0.0048612137,0.0052025113,-0.02637779,0.027839547,0.021567073,0.046092886,0.061086506,-0.045992427,0.016969878,0.0020461837,0.050403427,-0.008063417,0.012987879,0.04632892,0.1035958,-0.058398344,0.010489155,-0.019658629,-0.07679582,0.010778175,-0.026465282,-0.07736429,-0.11189564,-0.009863997,-0.0020958672,-0.00026798507,-0.027448539,0.006797634,0.005363257,0.018345434,0.02930998,0.019266205,0.017862761,0.06739965,-0.063066036,0.021538835,-0.0020208112,-0.07243552,-0.024234371,-0.053407505,-0.013065413,-0.042443197,-0.06268252,0.0152321495,-0.04447603,-0.030684488,-0.09215814,-0.0017559681,-0.08572845,0.027311677,0.07002602,-0.056144927,0.06049852,0.014014277,0.042126812,0.03833944,-0.033907756,0.04441222,0.009961902,0.012597734,0.088218056,-0.036723156,-0.019070864,0.047183845,-0.079051904,0.10117977,0.017372303,-0.03314365,0.12457521,-0.003975862,0.043213762,0.0027827076,0.0022179238,-0.0022327518,0.0128100375,-0.017510442,0.018923426,0.044948228,0.061990634,-4.5771348e-33,0.045851238,0.06310168,-0.020222383,-0.00955523,0.06606145,-0.017628388,0.02499897,0.05310003,0.059574433,0.02457486,0.031209528,0.07843948,0.017330954,0.047423888,-0.03722473,0.024666097,-0.05947372,0.022830667,-0.08435696,-0.020630091,-0.01777429,0.12810227,-0.02637688,0.029842583,-0.0668869,0.07311373,-0.03184361,0.011078629,-0.052536923,-0.029348565,-0.043429967,-0.09579571,-0.124563806,0.018885246,-0.043593545,-0.07554464,-0.00072356686,-0.020708963,-0.029063443,0.13663357,-0.05477121,0.057136297,0.032794576,0.022481963,-0.008970881,-0.102112554,0.020864265,-0.0017902945,-0.0032497547,-0.08213982,0.045686636,-0.013956942,0.05338884,0.015660692,0.04144527,0.021949459,0.035630804,0.07765361,-0.076606214,-0.014803071,0.108288735,0.05333945,-0.017380781,0.077092975,-0.028780892,-0.0497017,0.074419975,-0.074786104,0.08282594,-0.07676215,-0.025368646,-0.11203333,-0.15821543,0.015975162,-0.037865523,0.04156826,0.0075916187,0.012535624,0.009698828,0.03226885,-0.013524632,-0.00060731574,0.028832024,0.011134938,0.060223285,-0.038259555,0.063465096,-0.030705348,0.14422804,0.020010086,-0.038891625,0.054719478,-0.036903206,0.004730721,0.03701968,-5.843216e-08,0.06639789,-0.011014586,-0.044716746,0.03798091,0.036096282,-0.089085095,-0.068007864,-0.047284894,-0.0061654085,0.048711576,0.10116114,0.030553054,-0.04992512,-0.07280224,-0.009850979,-0.010663886,-0.04660718,0.06803425,-0.0796344,-0.043268375,-0.07210807,-0.017235711,0.013917236,-0.00985712,-0.076571405,-0.07996686,-0.035713248,-0.017189149,0.026870891,0.073530026,-0.036807057,0.006438792,0.046711143,-0.08228506,-0.006757135,0.020928914,-0.007855755,-0.00991545,0.04839507,0.040728856,0.03001189,-0.032965254,0.06638992,0.06817543,0.057141483,-0.008860211,-0.02117169,-0.017442646,-0.022478849,-0.102832645,-0.013799277,-0.014483027,0.042407453,0.060807113,-0.034375012,0.018364584,-0.10780998,0.05083946,0.0035234152,0.011140434,0.12028771,-0.032512646,0.030500868,0.01847429

CHUNK_9
-0.08404201,0.027293123,-0.09712976,-0.05210503,-0.03513941,-0.019572835,0.030843548,-0.08057665,-0.016037539,0.02168173,0.049417872,-0.04143981,0.017327622,0.026342629,-0.009823669,0.06524384,-0.013370167,-0.0668141,-0.013888673,-0.04950557,-0.0071651293,0.055211097,-0.053326033,-0.064911544,-0.04808876,-0.033144932,0.035159443,-0.048922136,-0.034377705,-0.008551143,0.071864106,0.006374305,-0.0019724106,-0.026665026,-0.017012808,0.010338931,-0.009973723,0.048421767,0.07132871,-0.095285304,0.051066175,-0.08661539,-0.0052044895,0.04377823,0.0032453267,0.06157338,0.0012931265,0.01026183,-0.043004435,0.041810077,-0.01718517,0.032206945,0.014474965,0.03326143,-0.0112271905,-0.07600693,-0.018522136,-0.0044532707,0.0028675192,0.06771007,-0.047728408,0.08980937,-0.009964438,0.02908617,0.06912294,-0.032194,-0.020219766,-0.058061607,-0.014862261,-0.03681079,-0.0017245631,-0.048250932,-0.066309236,-0.014251459,-0.06990535,-0.028464243,-0.02545283,0.11271273,0.019808002,-0.09507279,0.00068846444,0.032764383,0.05872346,0.036510218,-0.022881279,0.021073168,-0.018330215,-0.011693128,-0.034749415,-0.007887846,0.11345007,0.01735002,0.04806302,-0.0061448156,0.06768328,-0.045085225,-0.032379832,0.056494344,-0.005724371,-0.0023554936,-0.07078028,0.043002434,-0.15454563,0.041230123,-0.08147364,-0.014240578,0.06762286,-0.03602825,0.06991315,0.034123912,-0.07067355,0.019982662,-0.06956725,-0.019903336,0.004938288,-0.0008682411,-0.09478238,0.045823652,0.038736936,-0.03611971,-0.05959763,0.10011295,0.033299174,-0.037358336,0.023424247,-0.0016494738,-0.0657688,5.9771454e-34,-0.08146297,0.03592683,0.008280026,-0.010563426,-0.08047113,-0.06094528,-0.026615897,-0.065106116,0.0072141923,0.021536727,0.022045735,-0.032273054,-0.005901908,-0.06325623,0.099682696,0.023008648,0.052495345,-0.012659255,0.059160132,0.08134648,0.015422359,0.00043146248,0.06572512,-0.0007541256,0.053282302,-0.0049680932,0.06345745,0.035584398,0.001871971,0.005717678,0.03680361,-0.044255015,-0.049633477,0.0023906047,-0.012535016,0.0019012397,0.009727327,-0.057916366,-0.08547234,-0.060620435,-0.025774145,0.031298637,-0.04551155,0.0059807114,0.0112766605,0.049022585,0.01193821,0.08287467,0.0357216,0.07923186,-0.08209692,0.046292152,0.003809162,-0.07808116,-0.0527027,-0.06951155,-0.033837978,-0.035316765,0.0039298846,-0.004781224,-0.0036407341,-0.08913688,-0.105173744,0.004423043,-0.095895894,0.0021910507,0.04580977,-0.07007608,0.06011193,0.00379842,0.059488744,0.015587968,-0.0034604052,0.046513878,-0.02661323,0.015830949,0.05635723,0.037781373,-0.011594271,0.017597746,-0.052839424,0.06989512,0.075137116,-0.016129233,0.07057467,0.02296147,0.041395456,-0.005966676,-0.020346334,0.01483578,0.008803786,0.0041157594,0.0027997366,0.09545892,0.016736986,-4.3585975e-33,0.043923177,-0.012674,-0.03848927,0.006228964,0.06743683,-0.02007212,-0.003242551,0.07397541,0.08192235,0.013972883,0.043363873,0.030404018,0.031686794,0.020547908,0.040886674,-0.030111885,-0.040448036,0.035804465,-0.021166263,-0.011305303,0.016094886,0.15920064,0.018243736,0.0036556604,-0.010580858,-0.0029905632,-0.053949837,0.02547563,-0.072348535,-0.05264166,-0.0013046914,-0.068874925,-0.083352886,0.08324775,-0.08155394,-0.07943273,0.066918604,-0.032254916,-0.024506148,0.08499801,-0.03298759,0.12560679,-0.03285258,0.012093781,-0.032694466,-0.04701758,0.008495818,0.06482699,-0.007613325,-0.0832976,0.04256355,-0.016010864,0.081619054,-0.06430201,0.031071696,0.06930524,0.09299685,0.02292124,0.027618114,-0.061062634,0.07759226,0.057838082,0.017592525,0.11442636,0.0016207417,-0.046712577,0.11025116,-0.0012981562,0.038876485,-0.05429247,0.017008878,-0.17175269,-0.15180546,0.03161191,0.052944575,0.0056386017,0.0018615718,-0.05167751,-0.006499138,-0.0069686575,-0.0348301,0.04189944,0.0062773926,4.49649e-05,0.03595835,-0.0285547,0.057624627,-0.06394643,0.030720275,0.011820325,-0.043161765,-0.048774336,-0.06592767,0.05375765,-0.040069852,-5.418477e-08,0.023637304,-0.018705042,-0.023802487,-0.049151536,0.045708865,-0.05271748,-0.07202763,0.0043909824,-0.0049435394,0.018870773,0.057695,-0.034313384,-0.0762858,-0.033934046,-0.017356781,-0.037911996,0.0047348104,0.04266702,-0.03935622,-0.045660187,-0.008135552,0.014150374,-0.023698857,-0.015194443,-0.045519516,-0.022032011,-0.043725897,0.014983613,-6.675218e-06,0.07029136,-0.056621745,0.017995946,0.12528586,-0.099891715,-0.0566078,0.044823244,0.036472235,-0.019873202,0.05638431,0.055706147,-0.04876462,-0.056403104,0.10721738,0.03149731,-0.0018602319,0.017591435,-0.035806328,-0.056732547,-0.0019513285,-0.08773501,-0.008429262,-0.020660525,0.07365365,0.023396198,0.004427665,-0.0066484925,-0.1065996,0.007375384,0.0455436,-0.0575277,0.16898555,0.010600943,-0.02346447,0.009663351

CHUNK_10
-0.08563999,0.02720571,-0.068918645,-0.048853748,-0.047802486,-0.013429161,0.02398832,-0.057069432,-0.025410576,0.043353736,0.060782272,-0.091639884,0.020908227,0.06386276,-0.0061772126,-0.020159343,0.020247577,-0.042928997,-0.003029246,-0.05534062,0.027986528,0.041359145,-0.038523365,-0.046405956,-0.0126811955,-0.04542791,0.026983531,-0.042716835,-0.021247145,0.0017736495,0.016854372,0.0040128785,0.00078822364,-0.0045361305,-0.04777587,-0.011247333,-0.0008848411,0.08886684,0.06725305,-0.052459344,0.0267647,-0.03886045,-0.02053537,0.00015127701,-0.0024385392,0.017427662,0.0016650246,-0.0020824396,-0.08828411,0.027737798,-0.030931763,0.023458619,0.060493264,0.047658898,0.03571468,-0.11314684,-0.035839006,-0.09012245,-0.021626942,0.1062948,-0.078124225,0.026097499,-0.030551279,0.01989351,0.05645913,-0.053527478,-0.0037697426,-0.06689683,-0.008936448,-0.034958925,-0.004471773,-0.057660516,0.00392613,-0.0029332268,-0.05257021,-0.04207741,-0.008801521,0.09618436,-0.013702264,-0.12834397,0.02321213,-0.00042131994,0.057268884,0.02711303,-0.010810896,-0.0034393969,-0.010125754,0.010556718,-0.018244356,-0.025051598,0.12998545,0.051389173,0.025084144,-0.027674353,0.05575739,0.0059072855,-0.03507465,0.06652707,0.00083759014,-0.046869475,-0.05982518,-0.03752867,-0.11267227,0.048392467,-0.08901863,-0.00129191,0.026708065,-0.0423538,0.03041596,0.02216671,-0.082841404,0.04616997,-0.080152914,0.024969002,-0.0015278818,0.06302817,-0.08442413,0.06923211,0.03949407,0.025229033,-0.025400367,0.09509715,0.03001617,-0.033822216,-0.013928239,-0.015949039,-0.06524772,1.503839e-33,-0.042302273,0.03180682,-0.0073469174,0.0018570747,-0.040382456,-0.017573986,-0.031000284,-0.015107891,0.06837727,0.0020166545,-0.011755613,-0.051154695,0.00680507,-0.055093344,0.078875825,0.030346155,0.015231825,-0.008189457,0.03938943,0.09311517,0.063359246,0.01818085,0.04002635,0.018995335,0.091867395,-0.021425946,0.063889995,0.026156176,0.013837076,0.023197344,0.033380765,-0.0004932126,-0.013922629,-0.04035122,-0.047484998,-0.0011363238,0.015077703,-0.058496576,-0.105866544,-0.022298329,-0.046911933,0.030371385,0.033146385,-0.009383412,-0.0037033975,0.017761402,0.047992144,0.07062234,0.00781289,0.10437915,-0.0880286,0.02532444,0.02678696,-0.088014595,-0.0073244167,-0.05371642,-0.0098234825,-0.0337296,-0.034613773,0.031826958,-0.096722074,-0.06763382,-0.09472566,0.007686183,-0.02835157,0.025427988,0.022352176,-0.041127156,0.0896726,0.02284663,0.036399134,0.029507486,-0.015014938,0.06329165,-0.054101165,0.029655633,0.069227874,0.004500601,-0.016432904,0.046645943,-0.07614768,0.09767514,0.05394716,-0.018101964,0.15108432,0.030639837,0.075552076,0.013683422,0.011314961,-0.0006872268,0.08005581,-0.03039329,0.057396404,0.05455572,-0.033593327,-6.0238667e-33,0.0016688221,0.028696671,-0.06439226,0.041551474,0.096008204,0.004824779,0.04470101,0.094897576,0.038867407,0.010827983,-0.014914334,0.045720644,0.029190948,0.021416713,0.0057803695,-0.032706298,-0.08050743,0.015467045,-0.06759943,-0.018048827,0.014458944,0.07788815,0.0075406553,-0.003624907,-0.008122301,0.053041473,-0.07964575,0.04186313,-0.09607541,-0.022092158,-0.041657895,-0.033891574,-0.16612588,0.036040347,-0.06994391,-0.06693744,0.008645827,0.015525153,-0.025391988,0.09088737,-0.032589156,0.119892806,-0.0015860996,-0.023344148,-0.037954587,-0.09087585,0.038515445,0.00025597337,-0.0007626074,-0.12366297,0.06993226,-0.042127397,0.043818787,-0.049172044,0.013087539,-0.014062551,0.033880446,0.03342216,0.020436164,-0.048221737,0.08819657,0.04226695,0.035005018,0.14300849,-0.059564494,-0.027102154,0.097971484,0.03545005,0.048733063,-0.023933604,-0.019928753,-0.16827501,-0.117792256,0.021949284,0.019219222,0.036555912,0.0016809641,-0.020297341,0.018357415,-0.01602492,-0.046414834,0.0128019415,0.022008406,-0.017103044,0.020960348,-0.03727528,0.06199221,-0.0315838,0.07940524,-0.01772073,-0.057417173,-0.03044898,-0.06574386,-0.0070745135,0.0081422245,-5.2521035e-08,0.03302292,-0.00740567,-0.014892344,-0.051513698,0.04698883,-0.0773639,-0.042731404,-0.0068760924,0.0203288,0.065484606,0.07165563,0.0017654283,-0.0050941417,-0.01855611,-0.016173597,-0.003610541,0.00019870946,0.023475027,-0.034949988,-0.076882236,-0.028742861,-0.015462318,-0.050107334,0.0023690313,-0.036850434,-0.016210118,-0.075747706,0.025453502,-0.025519218,0.106037416,-0.07346147,-0.01506076,0.060702223,-0.114149585,0.0060649975,-0.03673212,0.002313716,-0.07489529,0.009892394,0.044541806,0.0015476338,-0.08808249,0.048820175,0.065473706,0.06316168,-0.07345599,-0.045868207,-0.0092192795,-0.026314149,-0.065250516,-0.010442193,-0.0011609623,0.06111831,-0.018394364,-0.014713915,-0.034637358,-0.104202814,-0.014034817,-0.0046878196,-0.021506522,0.137062,-0.05485824,-0.017803278,0.0057595894

CHUNK_11
-0.056660943,0.025384992,-0.058495253,-0.08241103,-0.023430593,0.027975406,0.012128414,-0.017441863,-0.054252267,0.055425946,0.100217804,-0.021020733,0.023180103,0.022461344,0.07246237,0.044989545,0.0032119963,-0.057851456,0.0108380085,-0.017083697,0.019623922,0.11283209,-0.044547226,-0.00029088554,-0.039588023,0.004375376,0.00064272725,-0.10095514,-0.06177871,0.00177799,0.07752725,0.034358468,-0.028685747,-0.046935428,-0.025515968,0.01454412,-0.08999002,0.056310896,0.046384986,-0.06704222,0.050388757,-0.08260052,-0.019351197,0.013213108,0.04163595,-0.023583984,-0.03095725,0.02295301,-0.060723692,0.053859945,-0.07206569,-0.014255878,0.025718343,0.042047955,-0.0030867981,-0.10758617,0.0069387774,0.007969031,-0.027794227,0.077343635,-0.069448754,0.07862727,-0.014189515,0.009727854,0.05144551,-0.040253043,0.047942884,-0.03229609,-0.007135363,0.0032653818,-0.011902429,-0.045978058,-0.007848566,-0.010003805,-0.083199844,-0.04361388,-0.01862897,0.095549,0.040026445,-0.10410456,-0.022462131,-0.018489717,0.052587092,-0.0073789,-0.044276226,0.012340083,0.010499803,-0.016498577,0.000991202,-0.016310012,0.1020863,0.038169738,0.031274203,0.027622811,-0.032870762,-0.049781047,-0.043514103,0.016104244,-0.052571055,0.0075222207,-0.059037473,0.038436253,-0.12301376,0.0213307,-0.1054144,-0.058386024,0.049261346,-0.06581578,0.0061312695,0.014561361,-0.06918273,0.018136514,-0.03934206,-0.0299014,-0.020814255,0.026701199,-0.058822326,0.058055736,0.07608289,-0.016121576,-0.026904654,0.09051197,0.055327326,-0.0090275565,0.011614231,-0.031598803,-0.03672095,5.8230038e-33,-0.066016845,-0.041311238,-0.01147712,0.028262999,-0.05587726,-0.05882543,0.007145168,-0.027924804,0.049663663,-0.059604112,0.02523527,-0.07959585,-0.003811249,0.010607669,0.04963684,-0.029863255,0.043684717,-0.014252206,0.08328402,0.053891882,0.036352918,0.0081434455,0.04212523,0.03274464,0.050033513,0.021880234,0.10082658,0.013436693,-0.021978827,0.04506116,0.048421428,0.013641608,-0.030062865,0.0053033307,-0.025542475,0.0007202253,-0.04648815,-0.034548372,-0.10524582,-0.055055853,0.0063614636,0.008891037,-0.005699987,0.01647138,0.04475495,0.035815883,0.05175851,0.085483074,0.04907671,0.06938355,-0.07574571,0.014000822,0.0011333093,-0.05987103,-0.045504104,-0.051035415,-0.06543315,-0.07792265,-0.028804235,-0.03830211,0.030900082,-0.11076988,-0.05403271,-0.04403276,-0.10589227,-0.03462628,0.023978896,-0.10742342,0.071880184,0.015755737,0.017723313,0.036222942,0.044355586,0.05695151,-0.017574154,0.02561981,0.041100994,0.029700618,-0.0069798334,-0.003448,-0.040616937,0.07578573,0.0596676,0.012843166,0.13252957,0.0034676436,0.028400896,0.023158023,-0.005910247,0.011247343,0.02038785,-0.0078566335,-0.013379687,0.080077425,0.03745396,-8.348893e-33,0.03369684,0.0129556,-0.057807606,-0.0017010247,0.06990153,-0.037013102,0.06851124,0.077081986,0.12752214,-0.00229834,-0.058377884,0.052951697,0.029485261,0.006112412,-0.014331673,0.02076904,-0.04231062,0.026641529,-0.035641596,0.00778373,0.004279453,0.116827555,0.06379504,0.014600277,0.03293368,0.008197329,-0.014251798,0.014225899,-0.05026153,-0.053424235,0.0032106852,-0.08966164,-0.11017155,0.027544709,-0.0825392,-0.045420695,0.07714114,-0.055357978,-0.0730149,0.059509855,0.012815916,0.09571432,-0.038624976,-0.030718684,0.0149952015,-0.04208453,0.011391999,0.021469122,-0.02993126,-0.08034913,0.030238941,-0.043789282,0.09876536,-0.051118985,0.056839675,-0.018936822,0.05869969,-0.01417221,-0.014252713,-0.037646454,0.08345624,0.044717357,0.04189746,0.048896518,0.01601432,-0.07894138,0.07645348,-0.07940479,0.05623758,-0.012703275,0.020825269,-0.1525205,-0.13935818,0.0060858345,0.02870366,0.015043267,0.012610432,-0.036925904,-0.015119686,-0.052637547,0.0023333924,0.015299247,0.002884765,0.013966558,-0.0030328888,-0.07040903,0.06188034,-0.04304765,0.02247963,0.045383956,-0.048967656,0.014081108,-0.0209209,0.09433719,-0.004718614,-6.153074e-08,0.07785162,-0.035367616,-0.013652369,-0.026722169,0.09535441,-0.026336063,-0.07228003,-0.0007990519,0.06325771,0.015910473,0.07263637,0.02031448,-0.002507552,0.016606195,-0.016770804,-0.031964235,-0.023512993,0.02173307,-0.06658007,-0.06340495,-0.015573249,-0.013941878,-0.03162746,-0.01879376,-0.012248587,-0.01697196,-0.058783684,0.021374946,-0.007779805,0.010601827,-0.0548339,0.00758595,0.11920763,-0.10208579,-0.07023977,0.052116193,0.019949762,0.017850734,0.064504854,0.07880177,-0.0124838585,-0.09690466,0.066271745,0.06584766,0.04316302,-0.037648864,-0.061699174,-0.028078938,-0.031988386,-0.108416736,-0.043732237,-0.0090899225,0.06939512,-0.009662485,0.021357495,0.00097038335,-0.06416495,-0.021861061,0.07417424,-0.053266298,0.14226852,0.017892092,-0.07565096,0.037217963

CHUNK_12
-0.03319438,0.031058943,-0.03824825,-0.035769843,-0.0010895205,0.006851419,-0.05108853,-0.03192262,-0.08779844,-0.014429994,0.050381385,-0.09579692,-0.02992844,0.018958624,-0.027667983,0.005025542,0.038544275,-0.05261886,-0.0026675067,-0.07277755,0.018475862,0.038253967,-0.010649455,-0.063388295,-0.05641208,0.029311704,0.07234632,-0.1181636,-0.045656715,0.077143446,0.08448358,0.010311996,0.017744578,-0.01086647,-0.0055519333,0.044943385,0.0074102874,-0.011358044,0.074424855,-0.051318813,0.03220072,-0.082914285,0.057506394,0.011079336,0.0651966,-0.02310948,-0.07115746,-0.00063645554,-0.091475,0.054196697,0.0070973006,-0.0322449,-0.00088259164,0.114816494,-0.00073959713,-0.08607191,-0.055019923,-0.0077173063,-0.072267026,0.04697114,-0.023174463,0.044442672,-0.0526283,-0.02064362,0.021687748,-0.028229333,-0.037749402,0.0102194585,0.0094278185,-0.08676567,0.00011048214,-0.056200672,-0.0040920214,-0.07813335,-0.045455147,0.0037685172,-0.004692302,0.055672854,0.066131674,-0.100675255,0.004580808,0.046454467,0.08846173,0.01811668,-0.0129741365,0.028070677,-0.031656876,-0.0158095,0.012519569,-0.004394353,0.12731904,-0.0126598645,-0.009217806,0.017341798,0.052721396,-0.03975474,-0.03619329,-0.0790801,-0.00232355,0.032226536,-0.062551364,0.012369047,-0.07858836,0.0044301404,-0.028195597,-0.050644662,0.037058957,0.025335737,0.041950773,0.06020742,-0.086404026,0.033157874,-0.007607262,-0.06783828,-0.018867392,0.015824983,-0.030538844,0.0252725,0.06625593,-0.0083195,-0.03153912,0.066371165,-0.001912821,-0.033310525,0.08000409,-0.03150968,0.013448368,1.0375362e-32,-0.044397987,-0.03286916,0.065030836,-0.018025916,-0.07906511,-0.08877277,-0.0058289515,-0.050406218,0.045939017,-0.037697405,-0.011684251,0.014663699,-0.028360622,-0.012634959,0.0171793,-0.064428166,0.034127235,0.0014568566,0.07719157,0.06974408,0.047457658,-0.06495235,0.016412525,0.020110756,0.07788137,0.0302824,0.04228705,0.018269828,-0.045477346,0.031861372,0.08121725,-0.0018824652,-0.0927983,-0.06878624,-0.02239139,0.03318134,0.04543411,-0.0029202101,-0.11117692,-0.08515625,-0.03854907,0.02425772,0.11645448,-0.0013115779,0.053495068,0.008322295,0.051019505,0.036570884,0.12231362,0.007731071,-0.047741026,0.021697246,-0.02241557,-0.011603205,-0.010998655,-0.081405334,-0.029301783,-0.01718159,0.017006282,-0.056792505,-0.013715242,-0.086166255,-0.065252446,-0.04019241,-0.052581873,0.0226982,0.0034669095,-0.10850503,0.06309531,0.021063028,-0.014098687,0.030587975,0.0025451297,0.05654138,-0.07027903,0.03266505,0.090377614,-0.0035206778,-0.0009782094,0.062796034,0.0065017343,0.03111088,0.056996714,0.019001774,0.066880755,0.0655865,-0.032117307,0.024979822,0.05546556,-0.022737714,-0.0053777774,0.02289036,0.015351968,0.042747892,0.04317308,-1.12299685e-32,0.0142159555,0.018147517,-0.07450985,0.0051971334,0.09473029,-0.009750188,0.0026008529,0.08629167,0.13029118,0.004540758,-0.06030836,0.04733595,0.03428442,0.03270116,-0.04607508,0.032469314,-0.06816719,0.06302663,0.0012134367,-0.0086157415,0.007176842,0.107499875,0.03990393,-0.023840673,-0.010540664,0.047850948,0.0026113465,0.02581154,-0.07076183,-0.048080266,0.027334588,-0.09420817,-0.052427646,0.04402491,-0.10429346,-0.013757958,0.069418125,-0.008104733,-0.0964244,0.05114508,0.037108358,0.036610264,-0.037398964,0.0032033864,-0.03091348,0.007314163,0.06365734,0.06527772,0.0013144345,-0.020662468,-0.032983042,-0.02051855,0.042537663,-0.027724195,0.106671564,0.032953586,0.033444423,-0.028427765,-0.061850276,-0.08189782,0.04348402,0.06527511,-0.014220179,0.03147493,0.04243841,-0.066225484,0.07928523,0.0029074466,0.0568186,-0.035201523,-0.0030927015,-0.117992386,-0.062296093,-0.015730675,0.070082985,-0.018098209,0.022567365,0.012886413,-0.032901645,0.0040465314,-0.017107105,0.034691803,-0.0057915617,0.04735517,0.016329799,-0.006781685,0.0780997,-0.12410283,-0.0058063543,0.10903386,-0.10415908,-0.020077888,-0.006512551,0.09515219,0.022320936,-5.5577964e-08,0.106499724,-0.059369072,-0.04183697,-0.02184247,0.043576285,-0.017987307,-0.10082544,-0.03825848,0.029639555,0.019322503,0.039128,0.058651324,-0.060337998,-0.043744016,-0.056459997,-0.021972314,-0.0045194966,-0.018004242,-0.092214,-0.08771454,-0.014617559,-0.029655166,0.014977867,-0.057034876,-0.02657979,0.008839222,-0.043436278,0.04307726,-0.0008178688,0.08409248,-0.025247194,0.021525411,0.08596017,-0.09268924,-0.044896666,0.015605578,-0.021153929,0.013204295,0.057526283,0.027863417,-0.040640876,-0.042089324,0.090160936,0.031922165,-0.01172434,0.044083282,-0.04635951,-0.056384984,0.03165505,-0.07027635,-0.06423021,-0.0268912,0.071105756,-0.0317524,-0.024033386,0.05834274,-0.036995582,-0.059859693,0.09977328,-0.06301646,0.088039055,-0.048704628,-0.08406979,0.045848757

CHUNK_13
-0.017097648,0.056110777,-0.0643935,-0.037483685,-0.0138422595,-0.0071156216,-0.018358575,-0.042291276,-0.05531555,0.03355551,0.059273325,-0.047817077,-0.0125199715,0.009751647,0.02536206,0.007854222,0.0046860888,-0.032655984,-0.016394295,-0.086178906,0.04394847,0.026316507,0.024177568,-0.034016408,-0.035859767,0.06436737,0.081127085,-0.040006887,-0.013913647,0.07872804,0.06934048,-0.0026954538,0.0060557206,-0.07284916,0.01651136,0.06496867,-0.022498395,-0.0004462552,0.06315178,-0.06352822,0.045205634,-0.0965518,0.015097987,0.031370282,0.060575016,-0.019493034,-0.06867284,-0.02212221,-0.090010166,0.036936585,0.05036385,-0.06718613,-0.021417005,0.07036417,-0.050318576,-0.110265195,-0.075286224,0.009572707,-0.05252929,0.013485894,-0.03929721,0.07626443,-0.059399087,0.0066528614,0.044851366,-0.08290664,-0.05494432,0.0141353775,0.015767658,-0.04422086,0.035833105,-0.034287926,-0.008214692,-0.07839387,-0.066909835,0.0075298725,0.031602997,0.08604603,0.048264552,-0.053791676,0.0060323267,-0.011682673,0.10185265,0.02055001,-0.03661466,0.001972321,-0.024894768,0.0059723505,0.013982872,-0.010697402,0.09415866,0.005824044,0.0009838912,0.03661537,0.043549847,-0.015255334,-0.09141207,-0.022110557,-0.026458176,0.017030135,-0.046330325,0.035117667,-0.052914366,0.011287515,0.012266097,-0.065015495,0.029306158,0.042247057,0.058683507,-0.017143758,-0.11409832,-0.0019626524,-0.00035098442,-0.04195458,-0.032129142,0.047201585,-0.08285145,0.027224883,0.053521134,-0.024640445,-0.0106588295,0.07191105,0.025685947,-0.062336303,0.05676606,-0.05998295,0.008652717,8.831291e-33,-0.05696171,-0.06865191,0.06858528,0.029010843,-0.07257498,-0.0600713,-0.026587209,-0.060693864,0.020330604,-0.03156809,0.017280996,-0.007926532,-0.022362858,0.01693901,0.031844806,-0.059904385,0.034350935,0.025123471,0.0709391,0.09214426,0.03579749,-0.066095755,-0.0019453707,-0.0048205797,0.11147445,0.013483677,0.051761594,0.040991023,-0.0097654695,0.016845457,0.05935535,-0.007587567,-0.071202,-0.060191806,-0.03509429,-0.005274739,0.058279015,-0.018629929,-0.12327043,-0.06274895,-0.02645823,-0.010348652,0.09771718,0.0023584766,0.06380871,0.0110989865,0.057672784,0.021550192,0.03689747,0.023676343,-0.03772827,0.05355442,-0.03726703,-0.012734629,-0.014118153,-0.06740874,-0.0026574172,0.03801102,-0.023781722,-0.05069858,-0.036109537,-0.07980537,-0.062287327,-0.024991179,-0.038757853,0.056739576,0.044915676,-0.09874088,0.11326274,-0.0049861996,-0.017014053,0.010945812,0.0034847201,0.080482416,-0.05776254,0.012979748,0.057501066,0.0014066811,-0.014310158,0.029031625,-0.013149018,0.00833259,0.057646558,0.06077152,0.091361515,0.048250906,-0.022011425,0.0052538407,0.052158438,-0.023003686,0.015208761,0.028874118,0.0069467057,0.041616328,0.034584023,-1.11897886e-32,0.026616042,0.011446932,-0.099403866,-0.008497541,0.12741242,0.0025901133,0.026424669,0.037010748,0.11090607,0.0037188823,-0.046978835,0.036424782,-0.005105681,0.016150162,-0.04444288,-0.0019843972,-0.049296886,0.0659078,0.0144877825,-0.01239631,0.052741252,0.114702426,0.07146178,-0.015480214,-0.009523232,0.0008977787,-0.039007977,-0.0022098743,-0.06700539,0.0011709944,0.0016234866,-0.104557484,-0.058237523,0.07487475,-0.08964834,-0.025457028,0.07667514,-0.010692387,-0.10566769,0.121873185,0.015627498,0.0019235188,-0.0065905126,-0.031598244,-0.021149298,0.031656466,0.071273044,0.024044098,-0.011578109,-0.04054663,0.005171373,-0.03421814,0.017874477,0.013019455,0.12455997,0.0041904007,0.06312014,-0.07130347,-0.040053446,-0.050407182,0.103326224,0.064923845,0.0186004,0.042009983,-0.00050054863,-0.041370485,0.06313337,0.042014945,0.02292102,-0.038197316,-0.0009805993,-0.11114984,-0.07178571,-0.0039945743,0.07781162,-0.023266139,0.0030238514,0.010607902,-0.025236374,-0.048402295,-0.04570118,0.047246575,-0.0058162673,0.055152584,0.018101187,-0.076588355,0.074080914,-0.14965545,-0.009990813,0.07319766,-0.06605966,-0.011687154,-0.047570374,0.13719006,-0.029282304,-5.9069123e-08,0.048024356,-0.02908415,-0.052278437,-0.015594357,0.07236471,-0.04710943,-0.065953515,-0.02287667,0.04097696,0.017214771,-0.021233406,0.016738236,-0.03181268,-0.007689333,-0.06668001,0.004435354,0.038446397,-0.052202523,-0.07217326,-0.12296965,0.0005332782,-0.008097283,-0.0092324605,-0.06480983,-0.030116078,-0.007210596,-0.045958973,0.028904742,-0.019468313,0.06430451,-0.025038583,-0.0016747147,0.094218515,-0.06796204,-0.04671843,-0.009657804,-0.022595458,0.026320342,0.018238364,0.06516907,-0.07759616,-0.06744628,0.09040892,0.015039855,0.0422761,0.021642221,-0.066472776,-0.024391955,-0.0011498163,-0.08001892,-0.046554547,-0.049004387,0.06469647,-0.07405275,0.052134812,0.058681857,-0.06018208,-0.054003987,0.07777903,-0.04187834,0.091260105,-0.009951461,-0.06958389,0.026646689

CHUNK_14
-0.034651812,-0.0045940964,-0.033275265,-0.05009106,-0.041752506,-0.0056550764,-0.0025272781,-0.016464483,-0.022509128,0.020959299,0.07867269,-0.0031014667,-0.021044564,-0.021182295,0.04987612,0.0059032477,0.04172232,0.006025254,-0.016991895,-0.0055656075,0.050912693,0.061504103,-0.00027504886,-0.0327269,-0.058435414,-0.03224911,0.037700947,-0.036865663,-0.053793125,0.037295606,0.067332745,-0.010382738,-0.0112159,-0.03360613,0.00431331,-0.03009208,-0.012506871,0.009527427,0.072440855,-0.09410363,0.04238413,-0.107636556,-0.0071730805,0.030155972,0.06095978,0.027064966,-0.074250765,0.028691204,-0.08863422,0.08390064,0.030581987,-0.051608566,-0.0031773895,0.042690262,-0.05272516,-0.074348405,-0.0045112288,-0.021040455,0.027316371,0.043703146,-0.010189953,0.025688743,-0.031448707,0.032908536,0.036755115,-0.037016515,0.01804216,-0.040290825,-0.023914194,-0.03964856,0.024234358,-0.048115354,-0.027956914,-0.0559226,-0.03643138,0.019059233,0.017120983,0.067031026,0.023389557,-0.039642155,-0.033382762,-0.024223039,0.0763731,0.023196075,-0.0055428417,-0.032207802,-0.06769444,0.06617533,-0.018586604,0.0098726265,0.125265,0.017011782,0.024559429,0.019648409,0.028031664,-0.08738621,-0.04952532,-0.020647649,0.016472438,-0.016789896,-0.029625358,0.06904744,-0.10976291,0.019116387,-0.00012911306,-0.062133484,0.012702104,-0.020436727,0.042398468,0.011464464,-0.08226673,0.024347747,0.057886466,-0.084425524,-0.057791483,0.07587373,-0.056325022,0.0594011,0.046112802,-0.022809908,-0.047832005,0.12225375,-0.0005364137,-0.06818106,-0.0044235974,0.021925073,0.039387953,6.0149873e-33,-0.1272953,-0.03183737,0.043407965,-0.023314575,-0.00564015,-0.044254877,-0.019654874,-0.04044844,0.015607518,-0.026481636,-0.022920925,-0.058873497,-0.0019789261,-0.03215522,-0.016108122,-0.029376471,0.05567385,0.06453366,0.13110511,0.12698162,0.0144062955,-0.14551431,0.03236881,0.04585752,0.04940485,0.029693238,0.02153387,0.020170556,-0.020187706,0.00887631,0.096922666,-0.0669263,-0.056923676,0.020944525,-0.012996246,-0.017988166,0.04104741,0.0007317276,-0.09241598,-0.049525253,0.0013149776,0.0595954,0.01992279,0.0070846165,-0.016613007,0.017068062,0.03995346,0.048462674,0.07503945,0.061251417,-0.035798706,0.055474192,-0.04829217,-0.016153537,-0.0077719158,-0.056764875,-0.030864676,-0.06294263,-0.010204805,-0.06771088,0.020411372,-0.040218376,-0.08004681,-0.060271613,-0.03287697,0.0368437,0.019890686,-0.10679581,0.03057804,-0.016038863,0.040679745,-0.0063727177,-0.028086396,0.07451956,-0.07407181,0.03309709,0.051318206,0.031786866,0.038673513,-0.0036525223,-0.024695558,0.06256203,0.023752173,0.0009942671,0.051884856,0.048728187,-0.042802338,-0.008351535,0.02142648,-0.03765098,0.006521406,-0.028141791,-0.02219737,0.09408432,0.08494942,-7.366603e-33,0.002946915,-0.032606237,-0.08932323,0.017708417,0.054493535,-0.033889286,0.004827117,0.049857046,0.14607024,-0.054695774,-0.005269675,0.045302194,0.010368211,0.0105421385,-0.012416284,-0.00062790484,-0.020637263,0.06127695,-0.0012786813,-0.020801535,0.024571441,0.07302954,0.060587592,-0.008351208,-0.010902168,0.046588194,-0.014737874,0.0030373626,-0.02438949,-0.07742474,0.007853899,-0.12749487,-0.028833153,0.08177273,-0.007836384,-0.044512782,0.07322262,-0.00372449,-0.026649278,0.09429925,0.0052140807,0.0931747,-0.05490965,0.0097517455,0.01457713,-0.0059317425,0.044761196,0.0221648,-0.0017707768,-0.0053264657,-0.01122996,-0.030528681,0.06946664,0.01511598,0.0791593,0.058961343,0.08792147,-0.030353565,-0.0044230795,-0.062994234,0.061871983,0.05591701,0.045152918,0.0085617555,0.014114479,-0.07021418,0.06079673,-0.021229152,0.09928552,-0.077439606,-0.017942576,-0.0964928,-0.0842634,0.009855568,0.045300238,-0.008534395,0.044646014,-0.0141419405,0.009174782,-0.094128035,-0.06844251,0.03336776,0.018103294,0.09040944,0.0005699627,-0.09494889,0.08179711,-0.09570046,0.036532488,0.045883995,-0.0145542165,-0.0046526613,-0.042120136,0.11762253,-0.050901067,-4.9545125e-08,0.078545064,-0.066821694,-0.045795903,-0.010449565,0.14631678,-0.005994024,-0.024194088,-0.05696187,0.0066138036,-0.026132157,0.06708862,0.06456551,-0.009037314,-0.06704825,-0.028303761,-0.0056087626,-0.0034849788,-0.046435915,-0.068054564,-0.07329617,-0.070164174,0.0096928375,0.029690204,-0.11051547,0.0052609975,-0.055869576,-0.034615815,0.024285741,0.003132492,0.009107711,-0.0786862,0.032389946,0.09333173,-0.09589772,-0.032191005,0.00318196,0.014541698,0.012617151,-2.7441385e-05,0.098898955,-0.055694256,-0.12187263,0.06343308,0.02713359,0.007982256,0.0102589,-0.035111945,-0.016549133,-0.035610266,-0.039640218,-0.07983054,-0.007239989,0.13801008,-0.026001496,-0.05747199,0.04856961,-0.07075547,-0.03717428,0.050343633,-0.017597765,0.08922156,-0.0027553625,-0.04769069,0.014765112

CHUNK_15
-0.054018497,0.015334214,-0.013757288,0.0026411887,-0.005888345,0.024280112,0.0016572486,0.04670692,-0.017200436,-0.034100946,0.09741014,-0.022018254,-0.0035231314,-0.061274827,-0.014371532,-0.056081936,0.14056349,-0.03974193,-0.07072915,-0.033545796,0.06299567,0.10736612,0.025474444,-0.02917016,-0.024822164,-0.024670199,0.0040872083,-0.06183922,-0.0013810878,-0.0017439359,0.08079468,0.024977053,0.00081056484,0.012922811,-0.005811122,-0.050600182,0.025316192,-0.027448453,0.08760662,-0.03916279,0.066974685,-0.10713392,0.01288759,0.036556393,0.017963294,-0.0048743756,-0.085334,0.04025953,-0.054055374,0.043223567,-0.026699185,-0.037241723,-0.008411211,0.024178969,-0.013121567,-0.113114245,-0.07564041,-0.07532119,-0.033091575,0.11326221,-0.020564884,0.04197192,-0.010142371,0.010026707,0.024538163,-0.046768606,0.036835507,-0.026016533,0.009590767,-0.06418487,0.016397372,-0.024172401,0.025997642,0.014801598,-0.05222325,0.018938974,0.009950205,0.019764751,0.011062305,-0.038984492,-0.014938161,-0.020501113,0.11568576,0.035246674,-0.0028757802,-0.018742735,-0.012290524,0.05591052,-0.017487023,0.005128515,0.11975204,-0.011009539,0.025850724,0.044909324,-0.007689141,-0.059385125,-0.02235895,-0.048365474,0.0014352404,0.0436915,-0.114978015,0.027993036,-0.11660081,-0.015308942,-0.109899595,-0.078765,-0.06251806,-0.037611887,0.05170192,0.028825834,-0.08714053,0.054242585,0.008621919,-0.09007901,-0.097897835,0.02990353,-0.037859805,-0.0013648837,0.044148218,-0.06530114,-0.07256361,0.06842142,0.04619205,-0.028992949,-0.005358746,0.0041277152,0.06849227,3.879715e-33,-0.14176363,-0.012550985,0.07892317,-0.009553919,-0.01900347,-0.0149602685,-0.030826459,-0.03806848,0.05230668,-0.029969709,-0.056021817,-0.062425707,0.014177431,-0.031045575,0.007986669,-0.043498926,0.064676605,0.020574817,0.06861786,0.031441286,-0.027049331,-0.11213203,0.06560244,0.054145534,-0.01539609,0.05913692,0.036235444,0.01857477,-0.009399927,0.029676618,0.08854674,0.005597646,-0.03855582,-0.028673096,-0.06476894,0.0012147685,-0.009226866,-0.017709622,-0.07917243,-0.015230574,0.014717201,0.069936365,0.033101376,0.02816501,0.02310815,0.020513529,0.037552364,0.03636716,0.08975465,-0.01593154,-0.056159765,0.048247084,0.008630297,-0.010849391,-0.017649531,-0.036411263,0.022575177,-0.035543043,-0.005141988,-0.046548758,0.019050652,0.030448848,-0.049277373,-0.0538343,-0.048954695,0.023064258,0.00015094629,-0.114641555,0.0062907464,0.014568361,0.074534655,-0.021407414,0.0003036447,-0.021132655,-0.045279756,-0.01687437,0.031365473,0.04118939,0.035892278,-0.020294268,-0.007861824,0.032550473,0.04846555,0.0022034275,0.037197646,0.03404539,-0.05370343,0.0065730084,0.07282609,0.023975197,0.01591486,0.005240646,-0.0107668135,0.039021224,0.010768703,-4.4253123e-33,-0.039897382,0.022415943,-0.105487265,0.05523531,0.050806217,-0.01132595,0.0032269913,0.07345131,0.10134275,-0.06246109,-0.0018945334,0.046338912,0.017503832,0.0031512557,-0.008421486,0.097332634,-0.019041672,0.07738805,-0.026140327,-0.017959474,-0.015322653,0.044280723,0.0355537,0.019696087,-0.013947744,0.045060746,0.065626815,0.022952667,-0.03236054,-0.108013615,0.04321427,-0.11539255,-0.08094016,0.08994149,-0.04415777,-0.034800675,0.09459339,-0.04917736,-0.028563976,0.091824375,-0.040432695,0.09375344,-0.0157214,0.047750402,-0.02760802,-0.016047943,0.05219541,-0.030031715,0.015066484,-0.0470183,0.03422112,0.005969665,0.027271144,-0.0018908734,0.019558791,0.07123643,-0.015857397,0.00095341937,-0.038697258,-0.0764032,0.07925829,0.108879715,0.009625851,0.010663151,0.053430032,-0.027360177,0.058831055,-0.019676475,0.09402442,-0.086457446,0.04297446,-0.07043352,-0.10028652,-0.039387114,0.0010077057,-0.0160063,0.052191336,0.008215364,-0.038921613,-0.039459523,-0.016040802,0.0273457,-0.028061168,0.013896643,0.009502942,-0.028975852,0.06118344,-0.054217704,0.035253234,0.11033576,-0.06364369,0.033727273,-0.025835264,0.08700355,0.08637022,-4.8243763e-08,0.1008411,-0.09461618,-0.050338194,0.049773924,0.13039047,-0.036259156,-0.04283408,-0.042691413,0.014727346,0.024512762,0.008785313,0.050348707,-0.047735974,-0.0027062374,-0.01425445,-0.05639853,-0.00484959,0.051104978,-0.07358235,-0.0147087,-0.036021117,0.03140006,0.08872868,-0.12704018,0.013267287,-0.035355326,-0.045397095,0.0042436607,0.009755162,0.043436423,-0.03337587,0.043785352,0.07524933,-0.067734756,-0.06029626,0.0053586382,-0.013528355,0.015867041,0.028362889,0.04789441,-0.022582619,-0.11533681,0.023652082,0.072805926,-0.010740841,0.040406093,-0.038144726,-0.01534186,-0.01888252,-0.032532424,-0.05899356,-0.009093217,0.07860892,0.0008596289,-0.103175096,0.03297767,-0.04156708,-0.048196603,0.09738102,-0.0388864,0.09964231,-0.06968492,-0.04715088,0.02328379

CHUNK_16
-0.09218947,0.046967145,-0.028941916,-0.01170898,-0.025998082,0.03689508,-0.0058532,0.032782126,-0.029018054,-0.033810325,0.09295971,0.0004641314,-0.008299783,-0.037115917,0.008791065,-0.036320083,0.11170248,-0.04093093,-0.06588165,0.0015313854,0.035457246,0.116704226,0.013199057,-0.05286378,-0.030050404,-0.020952612,0.01663176,-0.08613532,0.0021806473,0.035114277,0.11042631,0.023060387,-0.020568116,0.039032936,-0.0024033522,-0.052919384,-0.0073198467,0.025921151,0.06610459,-0.033500858,0.039513938,-0.06990804,-0.015375626,0.038708,0.03910825,-0.014794825,-0.06876766,0.02654606,-0.082951955,0.07149601,-0.02161367,-0.020314062,-0.010168561,0.049273312,-0.032014403,-0.094967335,-0.052091163,-0.03913897,-0.06150544,0.11194632,-0.02476789,0.025980184,-0.006345668,-0.027046245,0.025992865,-0.02595235,0.031201929,-0.059744854,0.019609818,-0.06216536,0.03919901,0.0027132847,-0.00032017656,-0.017221471,-0.037375193,0.010600617,-0.014532342,0.034640472,0.04788838,-0.045403104,-0.029508885,-0.019589094,0.093874104,0.02273314,-0.0016581995,-0.015074007,-0.0106382165,0.06705319,-0.037729625,-0.012354647,0.12254259,0.0003778092,0.009785605,0.049159095,0.0069958395,-0.07305602,-0.025112994,-0.028693842,0.010360929,0.01953243,-0.08471641,0.075785205,-0.14280131,0.008064073,-0.054455128,-0.06552364,-0.027187224,-0.04346929,0.04074829,0.029825786,-0.07345975,0.017167717,0.0023576673,-0.080414094,-0.094529554,0.06272442,-0.06258171,0.031386666,0.03938035,-0.060407978,-0.043061856,0.064930245,0.023391427,-0.032128293,0.023001,-0.0025825235,0.10085636,2.8139028e-33,-0.122890085,-0.0006028124,0.058332056,-0.004605513,-0.024331167,-0.027556201,-0.02638889,-0.022019578,0.056107253,-0.035362035,-0.039002385,-0.03923608,0.01596115,-0.05025385,0.0036112494,-0.03240853,0.05682522,0.027817791,0.07922916,0.066607706,0.030537246,-0.13252231,0.045656342,0.038211983,-0.01554652,0.07037254,0.041657813,0.027934998,-0.0057481537,0.015406036,0.08146983,0.0047671734,-0.054871995,-0.008735203,-0.028787937,0.011078365,0.017048016,-0.008676212,-0.08819456,-0.013974246,0.029089259,0.102394275,0.030614462,-0.017929247,0.010651569,-0.0045500174,0.06413713,0.05067426,0.07813919,0.03432263,-0.060309343,0.07011333,0.03157544,-0.009493581,-0.00089514005,-0.07000532,0.016774395,-0.019224143,0.0034475138,-0.07578691,0.027832048,-0.029057391,-0.057301138,-0.0311538,-0.07316928,-0.025291417,0.004004078,-0.12796247,0.006282958,0.018951453,0.100979194,0.008798755,-0.021089723,-0.033915482,-0.0727839,0.01688147,0.053321935,0.040920887,0.0027917859,-0.023563309,-0.037335377,0.052704103,0.045139775,-0.023780815,0.04760936,0.037475877,-0.036483444,0.013924771,0.03552491,-0.006914118,0.03898754,-0.0013916696,-0.015032101,0.036934435,0.057053983,-2.5878332e-33,-0.037907887,-0.015035207,-0.1108376,0.018475614,0.06612076,-0.025552856,-0.0019872575,0.11625177,0.1114398,-0.061973095,-0.022199199,0.052887578,0.036173612,0.028817795,0.0035892266,0.058791947,-0.019726433,0.091619775,0.034335136,0.004508522,0.002676682,0.05931834,0.0431891,0.016944075,0.008049516,0.047616754,0.06557691,0.021606272,-0.04618613,-0.104294755,0.038176976,-0.10554025,-0.07086046,0.0988367,-0.044080608,-0.011854959,0.10013584,-0.0212481,-0.039002966,0.07821081,-0.061758216,0.09878063,-0.034521256,0.0322685,-0.02594224,-0.013517819,0.041842557,0.0073976205,-0.012124651,-0.02653213,0.060203485,-0.010733124,0.08014187,-0.0055006603,0.027280679,0.061395988,-0.01388274,-0.009307794,-0.026036007,-0.06919299,0.074063025,0.08137979,-0.004296911,0.0035807309,0.02184728,-0.040556557,0.077734105,-0.012702401,0.09645187,-0.07053406,0.014734625,-0.063858986,-0.08246881,-0.007989197,0.03471389,-0.017530067,0.058855236,0.048853584,-0.011873417,-0.06557158,-0.032075897,0.029895509,-0.038458716,0.019252615,-0.010074633,-0.032263875,0.058956526,-0.08697506,0.0032583429,0.08028333,-0.06268509,0.041266777,-0.027338069,0.09109784,0.0089388825,-4.3434362e-08,0.10874947,-0.08787881,-0.049644914,0.010803165,0.13262938,-0.015693473,-0.04014502,-0.027974015,0.018481987,0.0046634125,0.022868367,0.038890168,-0.025562419,-0.04383055,-0.0069461726,-0.05066492,0.0010364293,0.01095481,-0.06868555,-0.013883333,-0.01609619,0.026804075,0.07519814,-0.108736254,-0.017027454,-0.004991122,-0.011583202,-0.0058619534,-0.008025312,0.039733473,-0.044268902,0.031442583,0.12604108,-0.06856686,-0.08391466,-0.031524584,0.004944529,0.026526207,0.022179006,0.0597003,0.011964081,-0.11171173,0.026274543,0.037453905,-0.013910856,0.008702737,-0.057756256,-0.059277564,-0.0077620917,-0.05352161,-0.07825559,-0.034465708,0.06752207,-0.018011529,-0.104671456,0.0180154,-0.024016531,-0.057319164,0.08428581,-0.04303229,0.08346752,-0.013725626,-0.06524085,0.050498948

CHUNK_17
-0.0927209,0.045078464,-0.07771881,-0.09870369,-0.060824748,0.012710261,0.046231013,-0.028538134,0.011698359,0.02185582,0.107902,0.030851493,0.019089986,0.0065913787,0.059483193,-0.0024538802,0.00946905,-0.047299713,-0.031651128,-0.021126395,-0.009951422,0.051877063,-0.04425213,-0.0020964767,-0.035910435,-0.042651687,0.027301265,-0.04613118,-0.033657447,0.013327598,0.124441296,0.023109844,-0.008417919,0.0050670747,-0.005415566,-0.0062206658,-0.081308074,0.019585928,0.027650962,-0.07560448,0.047933467,-0.071520336,0.005994877,0.028240182,0.023455027,0.00064522744,-0.03045345,0.06684621,-0.055960942,0.07794937,0.054224122,0.040420696,0.015524478,0.07221313,-0.039181165,-0.1247426,-0.0060165375,0.036886495,-0.038431674,0.068187,-0.025702802,0.0773871,-0.040178906,-0.013421527,0.0075475355,-0.016211344,-0.0059801596,-0.05419586,-0.013753984,-0.008718765,0.02087969,-0.058611035,-0.012807553,0.008819067,-0.038741335,0.0010814316,-0.034826525,0.033465993,0.01489293,-0.069120795,0.0065171383,-0.0228798,0.1049631,0.0149027845,-0.031882297,0.037769068,-0.032175995,0.016857512,-0.065590836,-0.021580495,0.1337189,0.035364974,0.018372454,-0.0017161177,0.023901101,-0.07532543,0.010798447,0.031817883,-0.045007374,0.011768662,-0.044364817,0.051541418,-0.11131771,-0.041100625,-0.067920156,-0.06123749,0.025911175,-0.05093111,0.08897983,0.036288653,-0.10097943,0.025479268,-0.047227368,-0.06232776,-0.039876804,0.023676822,-0.06185248,0.05393752,0.06235306,-0.09141541,-0.070057005,0.057106007,0.013303285,-0.03216184,0.022966515,-0.058822565,0.06913695,7.4655786e-33,-0.12276588,-0.013764219,0.035950705,-0.054149482,-0.049611453,-0.05512075,0.011124346,-0.05091106,0.0010459713,-0.027710205,0.0013546477,-0.037809752,0.039989974,-0.02473894,0.050759126,-0.0073404843,0.03807455,-0.012342187,0.10774748,0.0515798,0.010453257,-0.0620364,0.048271388,0.049228694,0.01162074,0.018684803,0.063582055,0.0269261,-0.016868314,0.035946112,0.05436817,-0.013512981,-0.09439893,-0.002174513,0.0034449084,-0.015330748,0.034272704,-0.020201733,-0.06735005,-0.094996855,-0.018792816,0.01885155,-0.032856185,-0.0010135919,0.02768672,0.051234487,0.048938703,0.10055701,0.05466817,0.08848455,-0.06316989,0.070762835,-0.010914568,-0.016709141,-0.001065331,-0.042298947,-0.02168953,-0.05752347,0.03352988,-0.065550715,0.017583944,-0.06835479,-0.07336489,-0.07232226,-0.081175685,-0.055150814,-0.00017672087,-0.13112246,0.020951288,-0.03930162,0.06904765,-0.008195008,0.016471516,-0.0022987826,-0.053990502,0.061722215,0.07642475,0.09761274,0.014547597,0.021931773,-0.038585186,0.041238796,0.07607761,-0.0018903887,0.04156609,0.060382582,-0.012042401,0.0046864925,-0.030973006,0.0033620105,0.046954997,-0.005743422,-0.020818263,0.12981041,0.08187975,-8.08998e-33,0.00615995,-0.016635945,-0.07595237,-0.004352038,0.06766143,-0.04789323,-0.006049119,0.10557099,0.08469734,-0.0219531,0.017713623,0.057889745,0.0026774392,0.01647356,0.0035277249,-0.010685245,-0.040855855,0.09521091,0.008585007,0.02035405,0.012939932,0.10479433,0.02802582,-0.0035657159,0.008268035,-0.020509936,0.017603723,0.060565393,-0.006834949,-0.044916816,0.02192853,-0.055645432,-0.051365923,0.047729585,-0.10472468,-0.08863227,0.08436441,0.028590942,-0.043168094,0.043095194,-0.035841513,0.1119123,-0.031671517,-0.015957756,-0.0015036738,-0.024255514,0.030079506,0.048213687,-0.040471368,-0.030541359,0.048759572,-0.021830566,0.086766325,-0.043526564,0.028657462,0.06705744,0.015176162,0.013119739,-0.026153386,-0.08075593,0.05837419,0.027736895,0.037110448,0.04847374,0.017121287,-0.047794003,0.10307314,0.036488794,0.029836422,-0.062469356,-0.012594082,-0.16622818,-0.070098266,0.029580329,0.054642618,-0.027981495,0.0055418033,0.020169057,0.004613058,-0.014317204,-0.036548406,0.04786303,-0.019999165,0.04461412,0.041885417,-0.054541923,0.050850946,-0.066742115,-0.026291994,0.03142584,-0.043397166,0.020691874,-0.023412231,0.11411786,0.009768965,-5.5091196e-08,0.023080131,-0.07494816,0.0012906836,-0.054606445,0.059867505,0.0057306187,-0.01921333,0.021813272,0.007610928,0.009305581,0.033999417,-0.014895217,-0.07858319,-0.0025212548,-0.052954976,5.390959e-05,0.03272661,-0.019185543,-0.06418557,-0.08116214,0.0027218962,-0.006158238,0.0524268,-0.039198175,-0.03563152,0.031733103,-0.015342578,-0.009835685,-0.0146731315,0.010531926,-0.062436204,0.027156472,0.11212046,-0.12993684,-0.09883094,0.052684456,0.022934,-0.034670766,0.0526698,0.04159856,-0.04732612,-0.084833406,0.06800077,0.03085401,0.021554394,-0.001483677,-0.012008952,-0.038868774,-0.028754937,-0.07553582,-0.04757064,-0.03966472,0.061144967,-0.021686954,-0.032436717,-0.018688185,-0.06803248,-0.0096546365,0.10218656,-0.02887968,0.13341278,0.0072269035,-0.052787803,0.037964504

CHUNK_18
-0.058985,0.041750323,-0.09851905,-0.048460953,-0.02860763,0.014240812,0.0040141544,-0.032527838,-0.067059316,0.025944997,0.10479526,-0.023227936,-0.009944354,-0.00327695,0.062642746,0.07609695,-0.00912887,-0.0070477733,-0.06721197,-0.009465624,0.028961599,0.09559652,-0.05290281,-0.010902605,-0.025934368,-0.0034943619,0.036130473,-0.03858638,-0.06747685,0.03428894,0.02490573,0.04616522,-0.011290898,-0.0017447037,0.027668867,0.0373149,-0.12255243,0.019887319,0.033803422,-0.070880175,0.060309727,-0.052418765,0.02817645,-0.052316215,0.010289361,-0.011989544,-0.030512154,0.01815668,-0.01591934,0.0056221476,-0.1065526,-0.011006742,-0.019845327,0.04162024,0.0022564721,-0.11899613,0.014981854,0.007141081,-0.0734178,0.06180892,-0.071788184,0.087113716,-0.05864732,0.024643423,0.04832307,-0.0017292717,0.02316955,-0.020715872,-0.057500247,-0.04798454,-0.012697138,-0.0052565387,0.008458622,0.0013507652,-0.08435382,-0.02635297,-0.034253526,0.09236995,0.0031496966,-0.12954032,-0.020983772,-0.031819955,0.004297062,0.027731316,-0.008887815,0.06143064,-0.009096396,-0.091148436,0.010503988,0.021065347,0.085715204,0.013748829,0.039628096,0.027898291,-0.00025118384,-0.0409784,-0.010134072,-0.008195896,-0.013918262,0.0020082449,-0.025102671,0.034516264,-0.1141781,-0.0074917693,-0.08950567,-0.059376672,0.024633454,-0.027756896,0.00056924607,0.011259143,-0.055089783,0.028969178,-0.057449996,-0.09503214,-0.04525613,-0.008209537,-0.060614306,0.044508826,0.07002296,-0.03697588,-0.08704708,0.06838361,-0.02492084,-0.04824622,-0.03095418,-0.060495026,-0.0050445856,5.875941e-33,-0.070272595,-0.047143135,0.029966578,-0.0341518,-0.011793975,-0.12142012,-0.050003998,-0.0704227,-0.019466475,-0.015946193,-0.009190277,-0.063160695,-0.028251002,-0.034811728,0.027348397,-0.04415377,0.0369948,0.016152322,0.021469792,0.03702125,-0.012535056,0.010192434,0.031910557,0.0018793154,0.017611826,0.05953623,0.08339853,0.0005404454,-0.06481196,0.04483523,0.0902288,-0.021081,-0.029928919,0.0018267991,-0.03587318,0.012560218,-0.028306682,-0.05943592,-0.05566629,-0.051543403,-0.025679855,-0.009605064,-0.034562368,0.041630484,0.049740262,0.038085748,0.0002746906,0.07012738,0.09311442,0.076054186,-0.047518447,0.028338468,0.016968345,-0.025694864,-0.02379194,-0.045352083,-0.008510133,-0.014877183,0.014583935,-0.063403,-0.011820879,-0.09544155,-0.075955555,-0.041715965,-0.07519743,-0.060811263,0.034368124,-0.07742119,0.060321104,-0.04414877,0.015180902,-0.0008296876,0.031996183,0.024104053,0.02034916,0.054501224,0.054786105,0.033869393,0.046248212,0.014505005,-0.00029405137,0.066420324,0.047314256,-0.022115793,0.05129281,0.07927757,0.0021193863,-0.01560187,-0.011437498,0.010586273,0.008387537,0.0046695466,-0.081089966,0.059549414,0.07954848,-9.670611e-33,0.045575857,0.021299548,-0.017483832,-0.03537288,0.040042024,-0.05494164,-0.03346894,-0.027859077,0.11209833,0.06339298,-0.04042051,0.025866233,0.035630103,-0.03760501,0.0014943708,0.05534067,0.03606193,0.064419486,0.011762671,0.042687986,0.026016802,0.13971172,0.025172178,0.03147529,0.0286474,-0.06764414,-0.04048626,0.040206358,-0.0034853425,-0.031348024,0.052296016,-0.15450783,-0.11076051,0.061029084,-0.10480408,-0.09977204,0.07528304,-0.021723242,-0.010662732,0.08093995,-0.008496824,0.062489934,-0.0042316504,0.009828808,-0.00051464984,-0.05276245,-0.009547312,0.013752816,-0.07002509,-0.085938126,0.020279175,0.012719456,0.050607305,-0.0794736,0.06074348,0.008096333,0.032300856,-0.006717985,-0.086329445,-0.09389813,0.0693579,0.049592067,0.019094175,0.04439994,0.011465452,-0.022889005,0.116464615,-0.061536387,0.030225415,-0.10524071,-0.0068283123,-0.14746085,-0.10933267,0.006433648,-0.021909399,-0.0032284388,0.00736174,0.04313255,-0.014085881,0.047329206,0.050714724,0.015428296,-0.010965011,0.020615907,0.00280266,0.002238895,0.059913643,-0.05187256,0.029821265,0.06609303,-0.077707656,0.025504652,0.047634836,0.076815546,0.005314032,-5.1020756e-08,0.021543203,-0.019294702,-0.02139101,-0.013634517,0.037820596,-0.024344027,-0.061175182,0.024905821,-0.0030774882,0.0005265185,0.046910964,-0.01325963,-0.076800145,0.031832747,-0.061345197,-0.055674475,0.018285153,0.03648299,-0.030306142,-0.048493035,0.033963017,-0.015532894,0.026776958,-0.017917732,-0.020928584,0.036025077,-0.03107122,-0.034795437,0.0030149848,0.0004906759,-0.0259657,0.0021626754,0.083283894,-0.099032454,-0.06983957,0.100132644,0.077007174,0.0097935395,0.07264733,0.061288,0.027785616,-0.068898454,0.10157437,0.0795481,0.027715372,0.044379164,-0.055077728,-0.07404153,0.012143115,-0.1319686,-0.003006515,-0.04622041,0.020580685,0.0006396718,-0.031407114,-0.0041064494,-0.03571226,0.032695152,0.0599442,-0.0435634,0.13906452,0.043731764,-0.03560143,0.06863084

CHUNK_19
-0.06317397,0.028930577,-0.08643753,-0.055028386,-0.0534485,-0.03045529,-0.03785599,-0.024146624,-0.053496208,0.043125093,0.015032505,-0.04632446,0.057975907,0.0009778631,-0.01383781,0.022365646,-0.030999266,-0.0467674,-0.04063689,-0.019294951,0.035426367,0.06684086,0.12526707,0.007791863,-0.0728684,0.021059345,-0.0006174535,-0.09019139,-0.008910567,0.0074521694,0.06102233,0.08765902,0.03571599,-0.026729371,0.042462952,0.049465988,-0.009573741,0.04393918,0.044016242,-0.004769075,-0.002792365,-0.077091016,-0.0022371411,-0.0030448295,0.043894365,-0.019258184,-0.016094876,-0.08291018,-0.029163495,0.0037996199,-0.10750373,-0.0882365,0.012570604,0.03297927,-0.04818377,-0.094069384,0.08403962,-0.02407691,-0.009063207,0.01733075,0.05775355,0.06650253,-0.018505745,-0.029102128,0.04417377,-0.03152379,0.023461731,0.04445055,0.019650243,-0.03819401,0.059659783,-0.0075131045,0.01841462,-0.0025900698,-0.020078016,-0.0025236842,-0.053093005,0.1158525,0.06394678,-0.08877463,0.049204223,-0.07789492,-0.014204356,-0.029218148,-0.04920734,0.008856518,-0.017633973,-0.0073503917,0.019383537,-0.019909594,0.09476268,0.0004024328,0.030042112,-0.0014921067,0.005373002,-0.037653867,0.008011475,-0.07767786,0.037984163,0.042863555,-0.030228509,0.0028994167,-0.12565538,0.00035294713,-0.1420863,-0.025052287,0.016661327,-0.029741004,0.07450302,0.020955533,-0.039227292,0.052983716,-0.045002878,0.017177362,0.005253155,0.07136179,-0.0023429883,0.09324736,0.05693899,-0.05101234,-0.103028215,0.016611645,0.02390179,-0.012409982,0.014430431,-0.039878026,-0.053105216,5.6880908e-33,-0.012032039,0.069184534,-0.036077145,0.03428445,-0.051621392,-0.052748095,-0.012729137,-0.012483985,-0.02571612,-0.10478244,0.022218304,-0.012262401,0.029071024,0.015270164,0.03777665,-0.002006761,-0.005931827,-0.029710287,0.076409034,-0.035610512,0.022500746,-0.061841205,0.05935664,-0.0062539526,0.040452775,0.0066556525,-0.020525461,0.023650259,0.021475088,0.060796842,0.079623856,-0.00034307395,-0.08836194,-0.014775508,-0.011394105,0.012490704,-0.008805859,-0.018584715,-0.0121992985,-0.0016360144,-0.0037198842,0.035702582,0.037938602,0.013090798,0.035097346,0.09700051,-0.008662763,0.08372281,0.067246825,0.07301864,-0.07150124,0.014518583,0.03083939,-0.07182333,-0.0047294376,0.042384718,-0.0069291377,0.017818335,0.009143166,-0.040788572,-0.020797946,0.039734144,-0.06619821,0.08936283,-0.036884043,-0.039113436,0.02203707,-0.016177291,0.11607456,-0.023545975,-0.051589478,-0.040060718,-0.047458097,0.08491692,-0.043202415,-0.051463723,-0.008922794,-0.003857449,0.005792423,-0.0033352438,-0.04967842,0.06358249,-0.03505733,-0.08167678,0.0535807,-0.016715292,0.0054106917,0.05362319,-0.00852773,-0.027145555,0.044338215,-0.032913134,-0.0062798755,0.05377605,0.00984692,-9.8916784e-33,0.046364237,-0.025774688,-0.04155013,0.0818681,0.06773912,-0.017852878,0.0045209546,-0.06439181,0.037370183,0.039873727,0.0025519577,-0.004609851,-0.016539836,-0.030498607,0.051891934,0.0017567707,-0.088924214,0.019173035,-0.046069026,0.044646017,0.0020284983,0.0194781,-0.008310464,-0.031632874,-0.031431336,-0.014121337,-0.0014354291,0.033538207,0.006716454,-0.031075802,0.03039996,-0.038707167,-0.20809846,0.053939816,-0.07000861,-0.01837085,0.15766488,-0.08216705,-0.034543153,0.026359042,-0.0337556,0.12975243,-0.03204456,0.008593774,-0.021409906,-0.050384346,-0.008375545,0.027229482,-0.04784715,-0.105412476,0.023151247,-0.026649347,0.07469029,-0.15900286,0.1048076,-0.0003235405,0.016518196,0.057418086,-0.066543646,0.054574884,0.13269459,-0.0075346283,-0.059807546,0.083174355,-0.08531783,-0.026048118,0.06924156,0.101954736,0.0418101,-0.07379032,0.0769546,-0.084966436,-0.0454792,-0.021300802,-0.0398836,-0.009869086,0.0077296337,0.013091175,0.03824116,-0.048190355,0.0472025,0.0372143,-0.020236181,-0.08549578,0.006608286,-0.032745574,0.08589955,0.0021421602,-0.029470557,-0.069696106,0.011213767,-0.0198375,-0.011057347,0.02144751,0.04433042,-5.9377363e-08,0.073083885,-0.061363123,0.042177822,0.0030095824,0.08314525,-0.092274055,-0.078032084,-0.016612243,0.0003131319,-0.057395734,0.028327288,0.0065840376,-0.053206284,0.082135394,-0.07759492,-0.036569078,-0.04896561,0.019751718,-0.06409675,0.015728088,0.020308316,-0.01630755,0.012101397,-0.051170886,0.015694272,-0.024952391,-0.012503815,-0.025683355,0.021583432,0.05539432,-0.047510725,-0.0093399435,0.006388586,-0.08847013,-0.0409618,-0.018810932,0.05253621,-0.04708783,0.036205687,0.035651047,-0.029438442,-0.08518361,0.05593145,0.0007863744,-0.020052593,0.0056627803,-0.05559332,-0.025852324,0.029604077,-0.020447787,-0.032646645,-0.031353753,0.0146510685,0.008158469,-0.058558654,0.101769716,-0.081052445,-0.01200265,-0.05293091,-0.0389545,0.1481277,-0.03900855,-0.039928816,-0.030135453

CHUNK_20
-0.058998033,0.001578826,-0.009864468,-0.026162855,0.019964658,-0.0026038087,-0.037748035,0.020290371,-0.06621936,0.024669787,0.018979678,-0.036453657,0.04401008,-0.039709777,-0.013618555,-0.028131697,0.044133697,-0.039100416,-0.055033326,-0.02669037,0.01148339,0.012548822,0.14217383,-0.017317852,-0.05594473,0.032968413,0.008324937,-0.040818676,-0.024102522,0.021414634,0.027736498,0.08562789,0.0077066906,-0.02290199,0.024016164,-0.024700563,0.026397713,0.039977144,0.08965304,-0.016435381,-0.054802094,-0.08932311,0.05428671,0.005943228,0.03735855,-0.037776288,0.009748815,-0.07666881,-0.05948114,0.014106094,-0.099269345,-0.0916123,0.013712283,-0.008623291,-0.028549794,-0.044180166,0.020096611,-0.096396826,0.0011815848,0.03169915,0.0565356,0.04804293,0.013558216,-0.0015766536,0.0025085052,-0.03321678,-0.01020338,0.047828276,0.0447,-0.051285148,0.06293149,-0.015373392,-0.026847845,-0.001747151,-0.028941672,0.0515894,-0.022974322,0.140938,0.059793454,-0.10611756,0.10256487,-0.028934555,0.028418565,-0.0087624695,-0.04180098,-0.016822573,0.008207889,-0.05540416,-0.0027672474,-0.015186102,0.08211716,-0.021773905,-0.00491345,0.005409903,0.037418664,-0.0680309,-0.01898081,-0.05397016,0.046553463,0.053173948,-0.011960053,0.03734367,-0.13153626,0.0017647627,-0.15612145,-0.03103624,-0.045878265,-0.031206824,0.092488125,0.0329161,-0.046984237,0.04499348,-0.06514666,-0.00510431,-0.0077616493,0.03866786,-0.026104134,0.06709565,0.043048408,-0.027825376,-0.03146412,0.009715687,-0.006731257,-0.017087162,0.0034767427,-0.007977311,-0.056538116,3.4902477e-33,-0.0195608,0.08059093,-0.0131757315,0.05861454,-0.03934131,-0.028028296,-0.015426577,-0.003996192,-0.044843495,-0.077152655,-0.031479467,0.00378295,0.059639357,-0.037036546,0.040098477,-0.0068097087,-0.008580305,-0.026112478,0.024954787,-0.07559031,0.011029923,-0.04374737,0.058847938,0.009938037,0.036837976,0.008546413,-0.027031956,0.024528986,-0.020785978,0.055810783,0.06459127,0.0053209644,-0.079994336,-0.011305958,0.028407574,0.019243613,-0.011301262,-0.083618775,0.034717772,0.03563057,0.016341144,0.08222453,0.038656913,0.020584513,0.06831968,0.06600434,-0.027167054,0.07055857,0.11680665,0.035168577,-0.07965944,0.052037127,-0.0036354137,-0.070690736,0.017967913,0.07168833,-0.017680967,0.0893604,0.015426561,-0.05289242,-0.010710466,0.055086106,-0.06342528,0.047208518,-0.03228073,0.064620346,0.0467589,-0.045027822,0.10120394,0.014099061,-0.028013809,-0.017212296,-0.053630102,0.007997455,-0.07082174,-0.021820312,-0.009885602,0.017772393,0.052509215,0.0055708047,-0.08679455,0.035313614,-0.0369059,-0.07720688,0.025888512,-0.071027555,0.033828005,0.033052895,0.05392472,-0.024405867,0.084711984,-0.014119715,-0.04877441,0.062485497,-0.021227682,-5.3024107e-33,0.059902765,0.012974107,-0.03877489,0.082903445,0.026314417,0.0017501623,-0.042670257,-0.098637864,0.0011238271,0.0150718745,0.027433125,0.021646999,0.005494761,-0.027652305,0.051324736,0.006839118,-0.018467622,0.012973415,-0.06311858,0.08617515,0.10150946,-0.04003221,0.016035201,-0.054470994,-0.007247933,0.0040485426,-0.00033745874,-0.024679216,-0.019783279,-0.0376157,0.045036197,-0.031319223,-0.15261514,0.07573237,-0.021230584,-0.010942455,0.14091739,-0.09209038,-0.029887006,0.039025858,-0.050629515,0.14272812,-0.013882213,0.045044743,-0.027686572,-0.042273793,-0.012929956,0.034152832,-0.041373946,-0.06284077,0.013568101,-0.021844286,0.029338213,-0.089452334,0.071963064,0.029004442,0.020263042,0.036216095,-0.110884756,0.03362348,0.12328022,0.092488624,-0.051249936,0.06694472,-0.01582675,-0.0074380795,0.04333447,0.11333972,0.025120988,-0.087200254,0.06521518,-0.03327532,-0.056749318,-0.053468112,-0.06429594,0.016367631,0.01633623,-0.017419845,-0.056872077,-0.018771922,0.016776262,0.0467809,0.019541524,-0.057021014,-0.0042622252,0.089759715,0.035709683,0.036684,-0.009216452,-0.08063165,-0.009796186,-0.017838527,-0.02546828,0.024977343,0.084770374,-6.3274435e-08,0.04456383,-0.030111857,-0.00564231,0.054199602,0.07829345,-0.09634436,-0.09640047,-0.0020122512,-0.03463146,-0.0017806205,-0.024843894,-0.0036641464,-0.07805613,0.030703178,-0.012943013,-0.074687615,-0.02566255,0.029473634,-0.08434622,0.024397098,0.04405139,0.05007853,0.05559524,-0.090750106,-0.0034241243,0.00073621527,-0.02410149,-0.057426482,0.0021949322,0.05195456,-0.010537478,-0.03438456,-0.022311602,-0.061511,-0.016759163,-0.021036621,0.075851485,-0.047758784,0.04487132,0.01328243,-0.01450897,-0.059053577,0.019544091,0.053433992,0.015355056,0.014303033,-0.057667423,-0.049276568,0.015801413,-0.031184975,-0.029111138,-0.014712161,-0.020279119,0.028208453,-0.06341299,0.11437661,-0.051545527,0.010453401,-0.10629001,-0.042481676,0.17044342,-0.054562815,-0.019813709,0.026522823

CHUNK_21
-0.040701114,-0.0088071795,0.022181623,-0.009859569,0.0005137442,0.034541212,-0.06872863,-0.015012583,-0.07800679,0.0123573085,-0.03220158,-0.11072809,-0.00015641333,-0.031928457,-0.0699545,0.005280664,-0.033528186,-0.03171147,-0.03034099,-0.018193008,0.016387241,0.02653011,0.07777372,0.01658097,-0.054978903,-0.0062569547,0.0015102869,-0.008990301,-0.008958842,0.00022843039,0.014837783,-0.009608932,0.06960206,0.013797861,0.015025174,0.022230688,0.022259422,-0.010678101,0.054467183,0.04315213,-0.009120105,-0.041766442,-0.044454224,0.017655399,0.051443294,-0.030655243,0.0418419,-0.08118094,-0.041509006,-0.0031671042,-0.06631551,-0.099571824,0.008509258,-0.041294374,-0.057580844,0.015081072,0.05560861,-0.1297046,0.005721578,0.0011124591,-0.021722836,-0.0011157066,-0.01273833,-0.04729946,0.053009715,-0.01180263,-0.008740431,0.049293585,0.031148003,0.0023396849,0.073396675,-0.006216463,0.013736977,-0.020172361,-0.02562632,0.018592143,-0.049130194,0.10290659,0.098132804,-0.046181098,0.08241246,-0.05846014,-0.047503933,-0.11802491,-0.04310306,-0.011549524,-0.060457367,-0.06304186,-0.047076065,0.024956398,-0.009103196,-0.049367644,0.058712266,0.026006456,-0.0046799975,0.0277581,-0.012289827,-0.04725285,0.11291352,0.0024075527,-0.057851125,0.004946771,-0.08667595,-0.011887514,-0.13989326,-0.0608445,-0.02694789,-0.061860725,0.048116505,-0.003943469,-0.0051906295,-0.023115424,-0.08209315,0.051623385,0.044495624,0.1320604,0.0053151026,0.017609663,0.03222548,-0.022019867,-0.07288656,-0.04960422,0.022006288,-0.047920126,0.010972299,-0.02305384,-0.034716327,4.9983272e-33,0.022410406,0.019528622,-0.020274805,0.12939906,-0.060103294,0.0013588176,0.01055936,-0.008737428,-0.029042706,-0.032122243,0.0145327095,0.020942189,0.0365736,0.024025911,0.003760894,-0.0064945207,0.055862136,0.023159303,-0.020990005,0.02348419,0.059251726,-0.0022705758,0.019398345,-0.027682614,0.11406092,0.022526858,-0.08335862,0.026432585,0.025860758,0.028952807,0.07162612,-0.044502884,-0.101761594,-0.008798369,0.051695447,0.011447759,0.043384094,-0.0062871533,0.016573649,-0.035112623,0.024433523,0.029877879,0.04419131,0.010015842,0.033214588,0.029272769,-0.015963318,0.036393147,0.06805784,0.10292118,-0.038239855,-0.004689579,0.07030343,-0.05624886,0.050329942,0.031871896,-0.050825447,0.07016352,-0.050071016,-0.108827665,-0.012012666,0.08062734,-0.09729033,0.088897504,0.005203043,-0.009527972,-0.04233774,0.007965765,0.14283943,-0.04150921,-0.007616328,-0.07872054,-0.075890474,0.07505625,-0.031640895,-0.012620674,-0.037384976,-0.040619515,0.013601607,0.012627372,-0.08623195,0.074028805,-0.040610656,-0.106187165,0.08647361,-0.05335881,0.015801372,0.040345144,0.06901401,-0.030711208,0.03748527,-0.015913656,0.018200966,0.07134732,-0.033752054,-9.8723886e-33,0.12586126,0.0002900091,-0.02609187,0.039074227,0.041434,0.027739894,0.0002757221,-0.11128977,-0.013797184,-0.068258,-0.01166088,0.012903404,0.06778279,-0.037427578,0.020083295,-0.042778227,-0.09155632,0.039098438,-0.0491775,0.020292845,0.044493534,-0.057313655,0.073209375,-0.07639287,-0.03806188,-0.056483697,0.0033423905,0.02333592,0.0063365935,-0.025941025,0.011399184,0.008882712,-0.1077914,0.03903625,-0.041016567,-0.047605634,0.13699155,-0.08056245,-0.01195629,0.07576683,-0.004810909,0.0594524,0.0006347987,0.043570843,-0.018478842,-0.0477642,-0.03653806,0.022440394,-0.057316974,0.009787173,-0.093819946,-0.043678127,0.021999257,-0.055252526,0.11828921,0.016923493,0.041293547,0.058546092,0.028364688,0.111414276,0.09657638,0.00938234,-0.05525885,0.09108578,-0.06277886,-0.08810352,0.011538578,0.12999447,-0.008177164,-0.018558567,0.0648865,-0.015787771,-0.016302697,0.0023136302,-0.07680746,0.027680911,0.038981535,0.051679097,0.06937941,-0.08154383,-0.0043810564,0.019631155,-0.008672875,-0.054736003,0.008276927,-0.022272503,0.10942092,-0.032299817,0.003105607,-0.11010006,-0.0067784516,-0.09419248,0.039665777,-0.05387399,-0.003434495,-6.7217215e-08,0.03722463,-0.0061100004,-0.020484429,0.0075787334,0.044564288,-0.044146962,-0.11178669,-0.064660944,0.023371957,-0.0149054695,0.00682052,0.029952776,-0.049920436,-0.007477535,-0.015846433,-0.016811093,-0.069590196,0.049562562,-0.055061225,0.034444932,-0.0066465843,-0.034720145,0.013579003,0.02671772,0.023217797,-0.029657926,-0.0065915002,-0.011059718,-0.0024299095,0.024549277,-0.04167112,-0.011337604,0.011125744,-0.046518803,0.09067915,0.02026618,0.012104165,-0.05353825,-0.008653854,0.03652833,-0.04613559,-0.10475322,-0.021621548,-0.0025706342,0.012874976,0.006242544,-0.04691807,0.04522453,0.024762,0.012505204,-0.09925818,-0.044871345,-0.030730454,-0.06186049,-0.007637447,0.10743736,-0.032914795,0.03243257,-0.07034625,-0.033537522,0.08383881,-0.0071816677,-0.04063299,-0.01790781

CHUNK_22
-0.02430792,0.011268586,0.024295093,-0.01713399,0.010429347,0.037935827,-0.08047113,-0.023539538,-0.099721014,0.049215287,-0.022535734,-0.103599474,-0.023959035,-0.0008494158,-0.07580215,0.026745167,-0.0026695945,0.02126614,-0.0106831845,-0.024435483,0.03624383,0.011979052,0.07344693,0.012163258,-0.053751215,-0.006407519,-0.06449452,-0.06981654,-0.059698116,-0.039505415,0.01400469,-0.058413412,0.0768466,-0.02548056,0.06367342,0.00071443385,0.07696676,-0.0095066065,0.039710145,0.06647165,-0.034470543,-0.008088936,-0.030699614,0.050263766,-0.02889155,0.02797477,0.0067785326,-0.10202809,-0.009395162,0.018275827,-0.06776788,-0.11514015,0.04286845,0.021627758,-0.04876613,-0.038751084,0.035054132,-0.07712389,0.019757278,0.023904115,-0.020579575,0.024589987,-0.08999451,-0.049793076,0.0276283,-0.00048741148,-0.046648685,0.022529332,-3.1105556e-05,-0.054549884,0.04547777,-0.015280984,-0.015082129,-0.040949892,-0.0014963847,0.049581796,-0.03695779,0.08929049,0.13569216,-0.11484963,0.017675301,-0.03993825,-0.04817865,-0.073153846,-0.0254162,0.0034505392,-0.012221687,-0.0373912,0.015791452,0.023510735,0.054934893,-0.059250068,0.04211199,-0.016615093,0.046098616,0.035788994,-0.0048853606,-0.024914969,0.07396651,0.014203112,-0.05318472,-0.034321863,-0.049306866,0.0033761049,-0.12921225,0.013687274,-0.038511034,-0.03601697,0.037395645,0.02839311,0.0075037773,0.034885462,-0.074296966,0.07127486,0.09798566,0.12744005,0.013463674,0.02171702,0.0152705945,-0.0311777,-0.04233661,-0.040208045,0.003642941,-0.07531872,0.040495157,-0.010644923,-0.049966954,5.3258038e-33,0.021317873,0.04931183,-0.016835537,0.08780102,0.009854885,0.008767275,0.043120753,0.031771697,-0.025424255,0.00711105,0.007124659,0.023788197,0.045876764,-0.06403723,-0.029402485,0.019993486,0.0503526,0.055203497,-0.01052969,0.062826134,0.03609097,-0.056431893,-0.017896013,0.05599543,0.100760244,-0.005193731,-0.07899149,0.071065366,0.073685825,0.034092624,0.06859681,-0.016556235,-0.02794277,-0.0062627406,0.047252167,0.01567501,0.025942966,0.010619881,0.035973985,-0.03923819,0.0111797815,0.032747284,0.07811467,0.022051852,-0.013301178,0.016216723,-0.011517094,0.017260741,0.03260108,0.13448785,-0.047111545,0.004402156,0.010451578,-0.03612752,0.050196376,0.024062049,-0.026706496,0.0854194,-0.034893684,-0.084894665,0.053912167,0.122910514,-0.040962834,0.049341816,-0.0057306187,-0.01092471,-0.06046845,-0.025381552,0.1399605,-0.07571854,-0.06436884,-0.02643022,-0.06385508,0.059521526,-0.06665561,-0.029215524,-0.035095137,-0.07082076,0.017077737,0.0045032105,-0.11151994,0.047212664,-0.027777277,-0.07582967,0.096064545,-0.08669067,0.006126395,0.04482797,0.0439284,-0.042865764,0.046125744,-0.05092929,0.01104174,0.07849486,-0.008731207,-8.9062476e-33,0.07887002,-0.043515243,-0.022421507,0.041660238,0.02439677,0.029598176,0.003923913,-0.10658252,0.054452013,-0.078235,-0.049279463,-0.007823423,-0.022160033,-0.03728641,0.008925082,-0.04803214,-0.08701601,0.04565816,-0.032757174,-0.02023946,0.030298287,0.03299308,0.08389827,0.008859753,-0.060529217,-0.03177772,-0.047789074,-0.012760329,0.044744946,0.008218549,0.00025488375,-0.02207418,-0.08678586,0.034336798,-0.117134005,-0.12219189,0.115272395,-0.06204354,-0.006690084,0.05000593,0.042215433,0.05015977,0.06502074,0.06688444,-0.024526317,-0.07727761,-0.0049929153,-0.031996198,-0.03761707,-0.009103233,-0.07719766,-0.100242704,-0.0011494915,-0.046505548,0.07204636,0.019212373,0.07094502,0.051669683,0.019627016,0.06335082,0.11900096,0.01817245,-0.09807141,0.062440004,-0.0504771,-0.04587598,-0.019151544,0.090980284,0.035204764,0.030339405,0.016574536,-0.027112307,-0.019094,-0.031066177,-0.059077084,0.04872481,0.048505004,0.03256579,0.01023005,-0.026228024,-0.02423906,0.029336277,-0.02142069,-0.030215576,0.032252714,-0.015716892,0.10406956,-0.095817275,0.0163823,-0.048216935,-0.03111259,-0.10595404,0.054073893,0.0154086705,0.019616617,-6.924942e-08,0.061335564,0.025336774,-0.04172641,0.009776098,0.053627074,-0.05827616,-0.07754147,-0.022151487,-0.0005442741,0.017752292,0.038231164,0.0362658,-0.02478019,-0.018279763,0.029020341,-0.03103445,-0.0665721,0.040862072,-0.09028046,0.045966942,-0.04881139,-0.029472629,-0.007396905,0.04539374,-0.019808123,-0.04884564,0.017338363,0.009376681,-0.012528962,0.06913597,-0.023477266,0.018863332,0.017377092,-0.0771522,0.052396875,-0.03918109,-0.030476822,-0.04124778,-0.007183332,0.041055776,-0.049159005,-0.09372819,-0.027121844,0.023312835,0.06909959,0.015823387,-0.08088343,0.02264709,0.03340321,-0.0065092207,-0.03980628,-0.04354553,-0.017804017,-0.062095676,-0.0056743566,0.12067764,-0.010648204,0.012121064,-0.08350274,-0.053620785,0.07442678,-0.016275087,0.03428948,-0.019574052

CHUNK_23
-0.03594136,0.018509112,-0.039126586,-0.025575193,-0.037314836,-0.003797145,-0.07094699,-0.07608121,-0.08236319,0.026138356,0.042477135,-0.056255806,0.00047836066,-0.014603192,0.0029178692,0.02441665,-0.039223142,-0.035986047,-0.04163015,-0.026083486,-0.008185767,0.060721137,0.10128989,0.010945355,-0.05512939,0.015245704,0.0009633973,-0.061419185,-0.049490612,-0.03443173,0.015989076,0.05785231,0.02372391,-0.018212603,0.021429077,0.034077212,-0.039041873,0.08862104,0.041807525,-0.002605526,-0.033938617,-0.07475376,0.011768028,-0.048565704,0.02894108,-0.06180463,-0.035944168,-0.094425984,-0.0124036,0.01969617,-0.14115396,-0.08344879,-0.0005558897,0.047251005,-0.0853492,-0.1009958,0.105790794,-0.016163183,-0.01911004,0.05912717,0.014103585,0.08065212,-0.03241667,0.023084288,-0.0052628093,-0.030863237,-0.017181395,0.0450446,0.014177099,-0.040217023,0.0071430886,0.02122547,0.01367127,-0.0018818388,-0.023581095,0.025481027,-0.07239838,0.085388236,0.065432325,-0.08947784,0.09363145,-0.056018542,-0.04142032,-0.035744134,-0.013602463,0.02018915,-0.034942232,-0.0895239,0.04588314,-0.055440884,0.091504626,0.009083675,-0.0041180435,-0.0063284063,0.037392,-0.030804766,0.0007110643,-0.039384183,-0.018035958,0.019661501,-0.03629336,0.00053556,-0.08574097,-0.016685853,-0.15124385,-0.05018129,0.012586993,-0.05738399,0.04776093,0.008758088,-0.02083312,0.060139433,-0.0466983,0.00925139,0.037546106,0.06951219,0.012089154,0.06228668,0.07424756,-0.029372206,-0.10425681,0.010712692,0.029899651,-0.048337776,-0.001204169,-0.038467176,-0.057985693,6.0823163e-33,0.042996872,0.05268616,-0.038738452,0.07229885,-0.02354102,-0.0934712,0.023589233,-0.03781152,-0.037200507,-0.09232649,0.03968749,-0.02797153,0.03445425,-0.019007094,0.015861468,0.031294554,-0.001267826,-0.021020185,-0.006959216,-0.08128015,-0.0061786715,-0.024565436,0.014023475,-0.004309551,-0.022482563,0.020021385,0.017824262,0.051022656,-0.012526266,0.05740456,0.059256062,0.014338692,-0.071604624,0.0231661,0.025330646,0.049182083,0.04957188,-0.011359232,0.008141658,-0.015121628,-0.049167354,0.044812102,0.05370001,0.0023140504,0.047706306,0.049252067,-0.020690711,0.032582384,0.06575723,0.113587245,-0.0441181,0.013244453,0.027686018,-0.014385237,0.009080261,0.056247983,-0.011255916,0.036416166,-0.05326149,-0.054153938,0.045109898,0.035709377,-0.066492826,0.05911663,-0.049851403,-0.023562593,0.0012007382,-0.07154073,0.111697145,-0.035638656,-0.041619267,-0.07671672,-0.02201329,0.06011222,-0.024081012,-0.061830368,0.0054905727,-0.014473362,0.059179466,0.034385446,-0.019683613,0.07809216,-0.01647857,-0.049669724,0.085902676,-0.093037106,0.039333727,-0.012885422,0.025395485,-0.02607031,0.051050656,-0.022390686,-0.01884403,0.05363257,0.036932968,-9.109062e-33,0.09709166,-0.0023672383,-0.028218124,0.081358396,0.053676106,-0.0014397809,0.0149644725,-0.05300911,0.08407007,0.011850223,-0.025480429,0.040667433,-0.015766006,-0.030142361,0.05064097,-0.009428268,-0.03000261,0.059437823,-0.04523095,0.08646906,0.07611588,0.036761675,0.013028372,0.015025845,-0.0028338262,-0.042031575,-0.01610055,0.0043257107,-0.008156291,-0.020196525,0.029478852,-0.07391493,-0.13671698,0.05971211,-0.07709858,-0.08920378,0.11540324,-0.100670695,-0.023354612,0.07108794,-0.020364953,0.07684366,0.025973542,0.025796408,0.026883377,-0.10034593,-0.019989485,-0.001457694,-0.08823347,-0.07088277,-0.013721223,-0.051363114,0.012095483,-0.108697765,0.103682205,-0.011750382,0.059740465,0.024202464,-0.1259489,0.054649387,0.089971915,0.088855825,-0.051366456,0.050486792,-0.044472,-0.031642325,0.067637354,0.055921488,-0.020420088,-0.07374134,0.03256246,-0.053649545,-0.05159826,-0.027458675,-0.05948556,-0.019013327,-0.0013698598,0.049693674,0.028201444,-0.03170331,0.034136306,0.009241739,0.007386315,-0.08223257,0.029122062,0.051038057,0.029830499,-0.008096864,-0.0036110058,-0.039750744,0.023901884,-0.058620103,0.06661844,0.019076133,0.086709835,-5.735475e-08,0.03752568,0.0027490677,-0.015059294,0.018094854,0.040830236,-0.033589523,-0.12201203,-0.00047297077,0.05604383,-0.0387338,0.0056068026,0.014882999,-0.03434051,0.060568433,-0.089369945,-0.051922183,-0.0064533902,0.026903274,-0.07763716,0.016490705,0.030602394,0.012175916,0.0062080673,-0.014693566,0.0064972006,-0.0023355985,-0.019782638,-0.038168367,-0.025200916,0.030268557,-0.040588174,-0.0064650257,0.027354691,-0.077316076,0.009388384,0.00584631,0.076652616,-0.060099956,0.009600419,0.085008174,-0.0006842958,-0.08508547,0.056582972,-0.015489656,0.0072779027,0.04759166,-0.081111655,-0.025720993,0.026346771,-0.061309997,-0.024685886,-0.04136443,-0.02151349,-0.009057008,-0.017310534,0.10153859,-0.030501783,0.043450452,-0.06507722,-0.043768708,0.21492177,0.032166746,-0.031727098,0.022808049

CHUNK_24
-0.07152067,-0.0052467263,-0.01797292,-0.007066515,-0.0069817053,0.02895241,-0.10994791,-0.05049472,-0.079392545,0.037377007,0.021754827,-0.01201593,-0.022594502,0.005347902,-0.0022425053,0.019452594,-0.040110655,-0.08165498,-0.0459942,-0.031413525,0.021632316,0.014063656,0.094818436,0.016061395,-0.08249372,0.007292301,-0.014628562,-0.07971749,-0.021273643,-0.017240519,0.030140933,0.05702407,0.031191982,-0.008333816,0.028481448,0.031377923,0.02225412,0.020783372,0.05326461,-0.0067777997,-0.026716603,-0.07799092,0.06385639,0.0016287109,0.04940202,-0.053435482,-0.02868223,-0.095207825,-0.011362021,0.059243,-0.11365048,-0.07236633,0.009774461,0.01668838,-0.07096279,-0.048391525,0.053252257,-0.045770984,0.0042349845,0.046511874,-0.0053475318,0.047683097,-0.035589002,0.017436141,-0.007656015,-0.029377282,-0.01605477,-0.019568337,0.02959055,-0.0646628,0.0028348186,0.0010791923,0.034114353,-0.04624564,0.013379012,0.04942345,-0.08620846,0.12396687,0.077832006,-0.14306968,0.07582738,-0.06954366,-0.02748294,-0.04618094,-0.0044524744,0.01475618,-0.0045774486,-0.030412687,0.023779202,-0.030504715,0.087047,-0.01345095,0.0014170136,0.021548765,-0.008017376,-0.043884464,-0.0012261268,-0.0029856625,0.012014424,0.040327802,-0.008077992,0.06550347,-0.1035651,-0.038452733,-0.12983523,-0.021117346,-0.020446718,-0.06384789,0.047759034,-0.006337826,-0.032147035,0.019177115,-0.001330975,-0.019787872,0.020179963,0.0942549,-0.025631836,0.04667677,0.07599544,-0.023942657,-0.083918005,-0.014126277,0.011349703,-0.022664625,0.0015433017,-0.012147695,-0.055605844,4.1701955e-33,0.03080947,0.0014834234,0.0027314955,0.034357704,-0.048592582,-0.12894371,0.009915268,-0.00055517786,0.00032091705,-0.07947112,0.030859785,-0.028339365,0.032142356,-0.057090055,0.016822925,0.004518606,0.015840763,-0.024272094,-0.0023293637,-0.0588635,0.031140396,-0.07526741,0.028934378,-0.003267957,0.044890974,0.042586412,0.013240227,0.11489439,-0.0017600278,0.051180936,0.09449497,0.009600506,-0.08305293,0.046677325,0.021598555,0.054798137,0.03149647,0.0042672176,0.013330332,-0.033459716,-0.006209625,0.04274596,0.011103549,-0.025840655,0.079784036,0.018185947,-0.01695128,0.037060603,0.09755077,0.08943957,-0.052762255,0.032208994,0.041013237,-0.055014532,0.0070247357,0.061987944,-0.025318427,0.032862004,0.011918853,-0.056353204,0.06252513,0.046630874,-0.05516193,0.07331436,-0.10932164,-0.0084330235,0.027135469,-0.04729501,0.09569437,0.011227282,0.015272463,-0.034338716,-0.06255898,0.05234855,0.015117925,-0.027468992,0.06779962,-0.011158622,0.05754848,0.039684877,-0.02628719,0.10458466,0.015207273,-0.06421025,0.05535282,-0.07444709,0.0391884,0.017531136,0.024023427,-0.04491323,0.045364924,-0.021568649,-0.039802372,0.08816747,0.06754233,-6.294658e-33,0.09647184,0.017592598,-0.064023666,0.04985434,0.0092936605,0.018671583,0.012259427,0.0008627027,0.08572522,0.033037364,0.010797078,0.06345462,0.014274934,-0.031771943,0.06511935,-0.006786947,-0.011994503,0.048855864,-0.04969023,0.07301406,0.064551115,0.052772,0.01120229,-0.0015407946,-0.0027239008,-0.0045907763,-0.0022396278,0.02475731,-0.009208968,-0.019419316,-0.021967595,-0.08407483,-0.16272563,0.060039695,-0.081323504,-0.085196115,0.10293391,-0.117106214,-0.06958211,0.08395868,-0.029324383,0.09600295,-0.009963946,0.029888984,0.011925815,-0.050528485,-0.027346099,0.033683352,-0.03538957,-0.06147771,-0.045527097,-0.029908907,0.009720468,-0.15064599,0.096562505,0.008019101,0.05022228,0.0051467847,-0.111249365,0.06850534,0.05717816,0.067755185,-0.052746918,-0.0042765834,-0.06678068,-0.011061252,0.078561224,0.052670095,0.04339897,-0.056400884,0.088343,-0.035919104,-0.07467184,-0.028283134,-0.082700804,-0.0069502667,0.03992198,0.04534672,-0.020972816,-0.05210827,0.009467672,0.023947205,-0.028201435,-0.018450178,-0.031694897,0.06729761,0.06021255,-0.038578857,-0.0099946065,-0.015981613,-0.002139303,-0.0046768785,0.03803771,0.06327964,0.05625692,-5.083541e-08,0.059069645,0.007833794,0.014853763,0.027857983,0.071887285,-0.029626729,-0.118670225,-0.0070032333,0.04577376,-0.040909387,0.03694317,0.038437843,-0.017627804,0.01792715,-0.12672013,0.014935011,-0.067152746,-0.001641817,-0.068755426,-0.00089383073,0.019495163,-0.020523438,0.0708442,-0.0005065667,0.009910954,-0.019661829,-0.066223636,-0.021712407,-0.04308017,0.046299648,-0.059373997,0.0024580543,0.040312417,-0.08685431,-0.03205472,0.0023839823,0.0768616,-0.030520197,-0.02577025,0.028900424,0.014597459,-0.10074094,0.05315381,0.0048476523,-0.009171532,0.02227954,-0.066858046,-0.048246857,0.038263336,-0.06455475,-0.03216483,-0.05525931,-0.022399653,-0.0026267625,-0.0057088993,0.088571966,-0.046778515,-0.015562585,-0.053945277,-0.038423497,0.13175255,-0.00702663,-0.028200936,0.040323097

CHUNK_25
-0.046692584,0.0628455,-0.04670121,-0.04046277,0.0027873155,0.020130757,-0.046172924,-0.058001433,-0.07287838,0.009276843,0.089442745,-0.031390104,-0.015701534,0.005828885,-0.007825933,0.041850343,-0.094363004,-0.008901694,-0.07834426,-0.029259602,0.034354314,0.078859985,0.063371755,0.022283053,-0.037059557,0.06501709,0.015616497,-0.045905787,-0.05310303,0.0123159485,-0.008238279,0.08516016,0.04441199,-0.012312498,0.043562576,0.009311429,-0.06472212,0.06040852,0.043488137,-0.0026965896,-0.024654163,-0.076422125,0.050435778,-0.06594832,-0.0033916435,-0.020525508,-0.044881083,-0.07996249,-0.009438593,0.01735797,-0.16615358,-0.0010827676,-0.014213555,0.008143837,-0.013789266,-0.14381373,0.076709695,0.018506858,-0.04452384,0.049669832,-0.00986983,0.09777591,-0.054252516,0.040289156,0.036062125,-0.027435904,-0.018101335,0.03695702,-0.025825115,-0.032085188,-0.016879594,0.030764595,0.023174226,0.0015969462,-0.043091234,-0.010097317,-0.08802135,0.096669294,0.024591364,-0.15026945,0.053553194,-0.07417508,0.018328859,-0.021152772,-0.03980257,0.037703168,-0.015125807,-0.07560722,0.019723738,-0.019011771,0.04673459,0.0010185186,0.04860988,0.07047464,-0.027339358,-0.004146328,-0.033270404,-0.0067672613,0.029797347,0.017341051,-0.04701808,0.018385263,-0.08963805,-0.00035576845,-0.13615231,-0.057992887,-0.0033429088,-0.051526595,0.053393178,-0.011494979,0.027782269,0.023122273,-0.05932756,-0.05575174,0.00603252,-0.011927875,-0.017918795,0.035979792,0.07375054,-0.0010417135,-0.09608766,-0.018989213,-0.000501725,-0.036730714,-0.06290177,-0.09046935,-0.0310718,3.9209426e-33,0.009919885,-0.033305198,-0.013282985,0.059400238,-0.0038951542,-0.12848182,-0.03145373,-0.0658712,-0.04369778,-0.06773476,0.032327324,-0.033327825,-0.044572685,-0.039045848,-0.00056215527,0.013710584,0.0019833203,-0.06011954,-0.003940866,-0.05303373,0.014596522,-0.036528245,0.022626372,0.002421338,-0.031578474,0.017171908,0.05178855,0.0070997155,-0.014067907,0.052944034,0.09997873,-0.021454753,0.012741117,0.027585728,0.012069959,0.066854455,-0.0029358603,-0.025228031,0.005116159,-0.010647694,-0.026092635,0.0057104914,0.0009127875,-0.009103949,0.05855406,0.07235546,-0.029007034,0.044069495,0.066103935,0.088937774,-0.03464943,0.021233406,0.0008846275,-0.032374337,0.034404617,0.043549594,-0.022382837,0.009865734,-0.02905616,-0.033785693,0.04290799,0.032948773,-0.034676664,-0.01677563,-0.036040712,-0.054940708,0.10525378,-0.042719074,0.06734203,-0.008742258,-0.044842903,-0.046473417,0.002090693,0.023961589,0.025466973,-0.015784925,0.03247202,0.0057355273,0.054758392,0.013751574,0.0065144436,0.06577289,0.021918988,-0.06457939,0.03587194,-0.029053574,-0.0006593132,-0.01582377,0.015585697,0.011960881,0.043699864,-0.0035194487,-0.0617279,0.013387495,0.039074466,-8.2382244e-33,0.09717835,0.026929295,-0.014468971,0.025842877,0.015010065,-0.019016724,-0.017800413,-0.040837277,0.08429315,0.06493776,-0.009095424,0.024806364,0.0067556514,-0.057137813,0.054044,0.0031827313,0.029580705,0.041030355,-0.058203567,0.074797176,0.013599984,0.0420445,-0.02361482,0.019015225,0.019281866,-0.05808059,-0.03585466,0.0036812762,0.0043238266,-0.03024233,0.043508332,-0.13289437,-0.1731049,0.017565638,-0.07872237,-0.0976724,0.10702368,-0.1102403,-0.009315418,0.038033668,-0.050932437,0.10303744,0.015249646,0.004731769,0.00491873,-0.06303471,-0.03481563,0.033204418,-0.06766443,-0.09638463,0.0570327,-0.043700874,0.027244838,-0.1485786,0.07695469,0.002887709,0.050166123,0.014994429,-0.1284437,-0.01545309,0.06182373,0.06163403,-0.06580636,0.021625822,-0.075262435,-0.022165516,0.104617886,-0.0022524486,0.035039138,-0.099606864,0.02051357,-0.09187171,-0.07752282,-0.003871109,-0.07842791,-0.010683717,-0.00016312006,0.0423434,0.028359095,0.006744242,0.07978385,0.039761305,-0.022327617,-0.008257573,0.060500287,0.028913325,-0.02122251,0.016148657,0.008422598,0.010566232,-0.006984042,0.01876321,0.04187404,0.05590772,0.073864624,-4.4889582e-08,-0.0062688184,-0.03822952,-0.057580486,-0.031830434,0.04001926,0.032179624,-0.075509086,-0.0072441488,0.057432886,-0.020336626,0.028477304,-0.0044872887,-0.08763009,0.06621822,-0.14307567,-0.041717123,0.008536013,0.027961757,-0.026341362,0.008637238,0.044353068,-0.00062893884,0.03856192,-0.0018605832,-0.02330964,0.01889854,-0.035547525,-0.053931683,-0.07466125,0.008864981,-0.026036672,-0.0083630355,0.03962411,-0.10107207,0.009336932,0.04868726,0.09109736,-0.0020986015,0.020387152,0.0587256,0.06810371,-0.08832729,0.06117792,0.03673284,0.018322285,0.018102624,-0.03847129,-0.020099958,-0.009189494,-0.07860302,-0.020444246,-0.04897185,-0.0074797887,0.025464652,-0.047943674,0.04604276,-0.00093247334,0.07912228,-0.024585776,-0.06111948,0.16117412,0.058754005,-0.012487319,0.06235153

CHUNK_26
-0.024600508,0.0075115766,-0.036809083,-0.03340089,-0.078756124,0.011649849,-0.02690452,0.01490797,-0.05497073,-0.0062988615,0.0609185,-0.022307863,0.084285595,0.0077811587,0.0725773,-0.004845421,-0.067647874,-0.023052217,-0.085228525,0.01621085,-0.036417775,0.05637601,-0.013181609,-0.026728215,0.09994148,0.02656346,0.0031752558,-0.018535119,0.0026503704,-0.009940254,0.0153636355,0.05389963,-0.016124984,0.034940843,0.054583576,-0.0058667534,-0.041091707,0.04260719,-0.008509164,-0.11996771,0.031754315,-0.026629195,0.032569747,-0.002020726,-0.045779407,0.07975941,0.018730646,-0.0043346193,-0.06700715,-0.047090597,0.00076716434,0.032906137,-0.014716265,0.06838516,0.012521361,-0.03340237,-0.015476081,-0.06756028,-0.033188727,0.058003314,-0.06551799,0.12616833,-0.021930609,-0.0069097187,0.0320801,-0.08469096,0.014934815,0.018870192,-0.012797019,-0.03459618,-0.041288998,-0.05083702,-0.009402284,0.0197751,-0.07490726,-0.007983455,-0.027004307,0.115994,-0.009585948,-0.13436578,-0.062027387,-0.010147099,0.064398825,0.0018364785,0.012565516,0.025417525,0.027422655,-0.029464655,0.0037944976,-0.050974876,0.12012212,0.018719936,0.08169238,-0.061645687,0.037705597,-0.034836296,-0.019568289,0.022549268,0.089392066,0.052169845,0.010888409,-0.06661865,-0.10431613,0.0049280687,-0.024969263,-0.013047904,-0.07735159,0.011498211,0.015838178,-0.027663378,-0.026785461,0.047214594,0.013638782,-0.027463723,-0.017020829,0.033819288,0.0054700435,0.042076536,0.060757022,-0.081073724,-0.0815501,0.002731618,-0.0177851,-0.019111522,-0.03380966,0.06292259,0.014793598,5.5809724e-33,-0.09295309,-0.066474564,-0.052400038,-0.031244988,-0.067459434,-0.08939351,0.044917054,-0.040283814,-0.047867917,-0.06679201,-0.00041401878,-0.040556338,0.012955791,-0.083439305,0.022874705,-0.01976622,0.008311477,0.028781595,0.075448275,0.037466567,-0.03160033,0.075457744,0.045837127,0.06156843,-0.03500832,0.005868364,-0.020402158,-0.009415536,-0.019864004,0.019513894,0.07176212,-0.00760674,0.021211391,0.06323863,-0.04143438,0.044938408,-0.04613419,-0.06753471,-0.11064781,-0.052421212,0.032040276,-0.048990607,-0.11755633,-0.017430438,0.044567004,-0.026376536,-0.028618386,0.08512493,0.08658906,0.05437366,0.019404428,-0.0054355282,0.04886657,-0.024821764,-0.035596166,-0.022655658,-0.046994798,-0.037295226,0.01119029,0.06854776,-0.00095340546,-0.044358347,-0.043287758,0.034912936,-0.0015839849,-0.053187225,0.047665924,-0.012140276,0.017451141,-0.06232532,0.0028606483,-0.011156256,-0.019696439,0.07393126,-0.016009679,-0.027450187,-0.003705393,0.009168114,0.023572462,-0.026708834,0.021444727,0.06591105,0.034550074,-0.04832628,0.1167401,-0.05874016,-0.064436756,-0.07127713,-0.059972767,-0.010134403,-0.003956108,-0.0070496313,-0.017663786,0.09785256,0.13561827,-6.167491e-33,0.054590385,0.024989717,-0.07491437,0.030915543,-0.04169323,0.00027405814,0.0877144,-0.027527392,-0.01023198,-0.041354243,0.013787267,0.04181851,0.07318259,-0.035490185,-0.01920639,0.012932619,0.07798384,0.044103686,0.02601253,0.095842026,-0.056284934,0.014943551,0.00020793783,0.017842999,0.01080437,-0.0030760944,-0.019434717,-0.0031563272,0.0025332524,-0.020962596,0.05032366,-0.107371435,-0.113940306,0.11277733,-0.043965634,-0.14576901,0.08438419,-0.060219474,0.012164679,-0.0059398576,-0.05039405,0.07043509,0.0245038,0.058230154,-0.026853394,0.009480264,0.033824675,0.046046734,-0.064823575,-0.13333793,0.026809739,0.04098262,0.10122954,-0.061243933,0.022387382,-0.013637424,0.109098196,0.042722188,0.03833922,-0.038298402,0.101245746,0.06011435,-0.025825689,0.03436618,0.05417533,0.06821598,0.059653684,-0.0037724406,0.051076833,-0.091691874,-0.019143153,-0.081113234,-0.089256816,-0.07701916,0.04530189,0.060921486,0.038986716,0.008391183,-0.024132963,-0.009728289,-0.0042328537,0.02733647,-0.024642443,0.007126987,-0.01393341,0.0011140755,0.012160095,-0.03644957,0.100857265,0.010328502,-0.021999637,0.018498834,0.015627615,0.07158909,0.07528062,-4.8123734e-08,0.036782097,-0.067330085,-0.04268,-0.02127841,0.111208,-0.024403993,-0.050522268,0.009159693,-0.0241552,0.010627521,0.045203753,-0.035020437,-0.04558747,-0.06714803,-0.06343341,-0.12991083,0.026073016,0.060886834,-0.049143996,-0.011352683,-0.03980313,-0.051318903,0.082332246,-0.016976466,0.020495724,-0.018892286,-0.022727009,0.06502898,0.09456697,0.030510882,-0.024290068,0.022235813,-0.018909756,0.026915008,-0.025818303,0.016257249,0.06825898,0.025628053,0.057980187,0.0075379666,0.01713719,0.056621943,0.06707339,0.032828845,0.042694066,0.07803395,-0.07670033,-0.079407625,0.015079848,-0.08926301,0.03180746,0.02265524,0.0013615823,0.04910997,-0.06932604,0.005998137,-0.0409304,-0.0152836135,0.022282716,0.013722125,0.042034358,0.058273792,-0.055863727,-0.048144005

CHUNK_27
-0.03700905,0.00068815687,0.02781409,-0.061472636,-0.054001655,0.04162566,-0.038055193,0.027257245,-0.04614948,0.048191644,0.04701211,0.0059146904,0.028796,-0.011824951,0.03817394,0.020575244,-0.036052838,-0.0024045075,-0.03427578,0.0938914,0.07345819,0.0081859855,-0.039023165,-0.05160335,0.10686962,0.0097811725,0.020807086,-0.012276588,0.0038162838,-0.0035449632,-0.00086294656,0.01477704,0.004533122,0.015755985,0.057490174,0.005623997,0.03748999,0.02041682,0.071873575,-0.11415585,0.008220278,-0.054573476,0.039802667,-0.014553546,-0.0653223,0.07798795,0.0387672,-0.017041257,-0.07921388,0.008880658,0.00816936,-0.029792933,-0.02020112,0.065239854,-0.008620843,0.008106638,-0.024350654,-0.051210344,-0.021480845,0.019920787,-0.09110375,0.11555506,-0.034072727,-0.034542836,0.014888738,-0.029438104,0.028267121,-0.014762209,-0.041690163,-0.01185499,-0.00407722,-0.011782623,-0.010931679,-0.01585501,-0.07502569,0.020707296,-0.057533808,0.17003562,-0.010816746,-0.14165804,-0.026471308,0.020235557,0.04781487,-0.00685348,0.0062183375,0.008248116,0.0010256581,-0.04731438,0.023063121,-0.015089868,0.11466924,-0.007365121,0.13160947,-0.024669409,0.05318195,-0.03445293,-0.019412689,0.006934599,0.099627085,0.033324588,-0.014404166,-0.04352889,-0.06574946,-0.0029502434,-0.10837559,-0.053776093,-0.076992705,0.016282793,-0.0024501376,-0.047355015,-0.034906536,0.016164917,-0.0350513,-0.08608903,-0.029284017,0.03929537,-0.009405179,0.025866564,0.041909315,-0.08293197,-0.026632462,0.029196667,-0.04589881,-0.007609656,-0.033125088,0.024707334,-0.028898822,5.590748e-33,-0.06826229,-0.054591984,-0.04739256,0.021060925,-0.07438607,-0.087072365,0.019629838,-0.012946926,-0.049704693,-0.033078242,0.02360939,-0.005004593,0.0059435708,-0.09478856,-0.014323289,-0.040150926,0.056819744,0.0680886,0.09739571,0.028343,0.008609455,0.009223734,0.07708662,0.0559515,0.036184233,0.03473631,-0.019724315,-0.030324142,-0.03942098,0.021163255,0.09542954,-0.03878458,0.03499378,0.07817707,-0.024717946,0.060355224,0.0349481,-0.02985819,-0.058540594,0.0032905457,0.025023146,-0.040085446,-0.0082833255,-0.02610643,0.023437187,0.011743534,0.011375425,0.103136554,0.1179005,0.04820978,0.008308212,0.023466397,0.014859837,-0.07816336,-0.045066442,-0.0483306,-0.08753626,0.011490228,-0.02723104,-0.025600163,0.043075513,-0.0036514846,-0.04357433,0.03796172,-0.1254952,-0.011115859,0.018688727,-0.08328614,0.069837354,-0.087960675,0.0067980406,-0.0018544403,0.024447987,0.084084,0.016793376,0.019738212,-0.0017015659,-0.010031598,0.002766314,-0.025236504,0.00017225168,0.039121695,0.028427523,0.004137244,0.123936296,-0.0667634,-0.011698385,-0.02580432,-0.02094782,-0.031702876,0.0063334634,-0.0592318,-0.051535785,0.07748386,0.10605844,-6.1534484e-33,0.053746577,-0.03787741,-0.0727031,0.0052840277,-0.033190038,0.03925982,0.009087153,-0.0664575,0.024923591,-0.05363878,-0.022291398,0.0070880787,0.044005025,0.002860661,-0.06288784,-0.0012549973,0.044715717,-0.042462733,0.022340007,0.07055964,0.005449272,0.047369782,0.05929296,0.00026908919,-0.005522072,0.02272894,-0.02830623,-0.0056594126,0.047099743,0.0022853396,-0.023563748,-0.12851474,-0.07586271,0.05276701,-0.07682064,-0.13239141,0.035818912,-0.014561748,-0.016896117,0.01646047,-0.034351703,0.04483515,0.078118004,0.06946802,-0.001804847,-0.023187872,0.049920723,0.004284722,-0.0341987,-0.11555884,0.0013136871,0.020151,0.054415695,-0.059833616,0.036452718,0.023076752,0.108433224,0.012238232,0.029393667,-0.046075266,0.08004822,0.101099946,-0.051183708,0.0654593,0.02433974,0.033845298,-0.0020691643,-0.082904026,0.0766021,-0.09201956,-0.055498216,-0.12407386,-0.0688104,-0.06880289,0.019841174,0.10163506,0.07583104,0.016514,-0.01616983,-0.0015803237,-0.031412423,0.015981711,-0.032638445,-0.025340479,-0.0119454805,0.034915853,0.007965101,-0.06255129,0.06581497,0.034225754,-0.063085414,0.017390992,0.02305274,0.090683416,0.031737585,-5.783406e-08,0.032413412,0.008693585,-0.073695906,-0.0012538072,0.09750472,-0.089877404,-0.004022545,0.036100384,-0.0028538727,0.023034263,0.033494305,-0.042509913,0.00049279415,-0.062056363,-0.042111132,-0.08927124,0.02010562,0.055691853,-0.09876715,-0.03368312,-0.032448247,-0.04093727,0.070432276,-0.051011123,0.06050726,-0.035750568,-0.03261731,0.01894832,0.08202837,0.066580616,-0.047938485,0.071451634,-0.033310827,-0.02557629,-0.050831508,0.019865194,0.047317866,0.052918833,0.061045084,-0.0015809332,0.02032224,0.03098491,0.0074396725,0.06353063,0.09179431,0.040695425,-0.109823406,-0.06807897,0.027186016,-0.11811522,-0.01817161,0.023028737,-0.0130553115,0.03479509,-0.0468547,0.053060263,-0.0030870559,0.020836726,-0.00016482118,-0.05237227,0.018444251,0.038566664,-0.06144345,-0.029519806

CHUNK_28
0.0099187195,0.009738532,-0.01864307,-0.0567826,-0.046510912,0.047949556,-0.07219254,-0.01789111,-0.061562784,0.044748176,0.09116578,-0.0392493,0.023860585,0.008696249,0.07444529,0.022707786,-0.09012137,-0.043755878,-0.07799152,-0.024948837,0.036258362,0.042368747,-0.015342524,-0.026869098,0.0410039,0.017376112,-0.011236496,0.0020029857,-0.029717723,-0.06810142,-0.031427193,0.07557623,0.018118165,0.033008218,0.091831654,0.037475284,-0.030704483,0.030456787,0.034494378,-0.11292125,-0.037504364,-0.057084538,0.0795348,-0.088976584,-0.021916417,0.04162614,0.013042213,-0.025864907,-0.046052843,0.010161962,-0.038540337,0.010017783,-0.011507474,0.043170452,0.030172866,-0.050119195,0.03668142,-0.013743405,-0.061913155,0.014269376,-0.11918877,0.1262305,-0.06777729,0.022141729,-0.021633595,0.009773835,-0.019492393,-0.01154247,-0.075753376,-0.011280398,-0.08823543,-0.014389945,-0.018631851,0.03761224,-0.07184158,-0.013908082,-0.04064797,0.10112601,0.0052460018,-0.17979799,0.019299261,-0.014826834,-0.013357517,-0.0204546,0.021205703,0.002449583,-0.0022050957,-0.060003046,0.022670524,-0.010024082,0.07527971,0.010345355,0.105538495,-0.017104518,0.032796487,0.014121849,-0.033394348,0.047235068,0.07195197,0.03900112,-0.030588293,-0.029585967,-0.04347094,-0.0028306446,-0.107952535,-0.027478931,-0.029600892,0.0062153726,-0.0033726261,-0.04270503,-0.007848256,-0.0019453925,-0.047666136,-0.11611163,-0.00304489,0.0011161304,0.026456969,0.042097796,0.026973438,-0.046707273,-0.0571978,0.019004198,-0.022437118,-0.003006368,-0.054316007,0.0052598547,0.004488955,7.7478904e-33,-0.034812026,-0.058864765,-0.055921707,0.023390282,-0.030559836,-0.10312768,0.010134057,-0.059763953,-0.08426293,-0.024233835,-0.00088093407,-0.023065507,-0.049814228,-0.066541284,0.024249187,-0.005717695,0.07505364,0.009001932,0.049061727,-0.017480638,-0.0140048275,0.0211494,0.030816844,0.02717889,0.036005232,0.031900503,0.022393813,0.00808169,-0.043813124,0.005490997,0.103619166,-0.03265264,-0.01321745,0.074949116,-0.019693492,0.041300684,0.009037776,-0.040778507,-0.041640304,-0.039915714,-0.025579108,-0.043040134,-0.05827928,-0.008604732,0.08805872,-0.0072736605,-0.008504496,0.06358202,0.093197376,0.06272525,0.049582433,0.017846283,0.02508872,-0.031642217,0.01291124,0.0035901698,-0.07586395,-0.02482646,-0.018812789,0.052808527,0.061679143,-0.018028004,-0.027084183,0.0062721036,-0.032546196,-0.04535081,0.033869572,-0.055378184,0.08200714,-0.075454995,-0.022809967,-0.048370644,0.02867474,0.062731415,0.053531878,0.008442309,-0.006731365,0.0029345646,0.024140472,-0.030102352,-0.031015959,0.060638368,0.010788281,-0.0052936417,0.13044034,-0.07040979,0.013215853,-0.05850844,-0.039780833,-0.00027145798,-0.03640221,-0.01186955,-0.053682014,0.07719725,0.10528462,-9.597843e-33,0.06492041,0.016607856,-0.035087094,-0.006634624,-0.040921923,-0.030553354,0.04406495,-0.0883632,0.053784285,-0.016913906,-0.02194267,0.014882215,0.05588385,-0.0761816,-0.0041960236,0.029569307,0.058954578,0.048049603,0.026405854,0.08922348,-0.011177771,0.11816085,0.014729678,0.03733721,0.0067296065,-0.018639106,-0.07372338,-0.011934824,0.070011705,0.010561336,0.008766945,-0.10906496,-0.09814752,0.049045727,-0.061397012,-0.1601149,0.06613117,-0.06677619,-0.013594451,0.027639553,-0.03466175,0.073644646,0.007006377,0.023354826,-0.024438092,-0.023487104,0.034266163,0.026593657,-0.09419295,-0.11792467,0.0305275,0.0013020152,0.016543323,-0.079782814,0.042949542,0.044555325,0.11889857,-0.024688814,-0.0747851,-0.08051219,0.06283575,0.07527203,-0.015945235,0.026327534,0.032451835,0.008670642,0.070045,-0.066853076,0.025724582,-0.060845535,-0.04811169,-0.1302025,-0.11494694,-0.055286855,0.00048107884,0.03594309,0.026447076,0.044057194,0.016900942,0.041298095,0.011182449,0.040022686,-0.015678389,0.011772297,-0.029414592,0.04466711,-0.01008844,-0.041621067,0.09227325,0.029711585,-0.06767757,-0.0040860083,0.074448034,0.099642605,0.032187827,-5.539961e-08,-0.011170809,-0.014037878,-0.042576775,-0.04604273,0.06754182,-0.021574423,-0.045616806,0.03150533,0.0013372314,-0.04209413,0.042234983,-0.023297306,-0.05955579,-0.06828331,-0.058654435,-0.09830189,0.06820841,0.061272945,-0.08201801,-0.023999713,0.00690899,-0.03413397,0.013792232,0.01920306,0.027436882,-0.032638796,-0.057140682,-0.016912678,0.036232654,0.068025514,-0.011336,0.009431859,0.012035858,-0.030470109,-0.019511832,0.008429398,0.094411425,0.025381478,0.044657152,0.023100482,0.08881969,-0.020085052,0.011617676,0.06194797,0.0634392,0.024919966,-0.0693974,-0.0860405,-0.028315153,-0.103902414,-0.023693956,0.015621757,-0.018191604,0.07139377,-0.035961576,0.040898036,0.022913719,0.06753427,0.028015822,-0.021245632,0.086567685,0.10637466,-0.0063673183,-0.01820409

CHUNK_29
-0.029895505,-0.0006917215,-0.04740079,-0.078040145,-0.043383643,0.015225195,-0.033342056,-0.029121421,-0.062374167,0.00072126515,0.10071977,-0.041690126,-0.0054778536,0.0003915794,0.06749346,0.055269837,-0.10323331,0.025790129,-0.11058608,-0.022408988,0.016340438,0.059196737,0.015886595,0.016762806,0.056586932,0.03087397,0.019529842,-0.0067952313,-0.0392584,-0.034822788,-0.0077605797,0.06130435,0.042770967,0.03583365,0.06970284,0.024216164,-0.043285023,0.04247403,-0.014794668,-0.078288354,-0.020667432,-0.039403547,0.032309014,-0.07542112,-0.02084293,0.03095796,-0.042631056,-0.02098936,-0.00056777545,-0.012823438,-0.06973923,0.05277546,-0.012573324,0.044849716,-0.0049482905,-0.1253633,0.041989975,0.030295892,-0.05037598,0.077383906,-0.09168884,0.14421088,-0.04098793,0.0634965,0.024162192,-0.031636458,-0.008688063,0.042376276,-0.047139,-0.025788676,-0.058571905,-0.0376397,0.008107394,0.017728297,-0.110190645,-0.005762567,-0.056446403,0.06697718,-0.04967886,-0.13275474,0.0058365464,-0.051716957,0.047130402,0.012004655,-0.047334015,0.067762695,-0.01849245,-0.08814416,0.0066914484,-0.016888734,0.032488212,0.0047657182,0.063199624,0.04009425,0.01828044,0.018883407,-0.032921493,0.024047362,0.027206117,0.0109175285,-0.023161585,-0.016812429,-0.045926955,-0.020015169,-0.094110124,-0.05201142,-0.03900124,-0.00091782724,0.022758257,-0.016170133,-0.01088464,0.040524896,-0.008143436,-0.10483917,0.0011370433,-0.048995346,-0.039453197,0.0035185514,0.03796277,-0.026720477,-0.10363437,-0.015621218,-0.043109063,-0.035032738,-0.08002648,-0.0029038908,0.010401076,4.118786e-33,-0.025069056,-0.027805354,-0.05471115,0.042727243,-0.037608035,-0.14847733,-0.010126604,-0.06872737,-0.07310726,-0.05941183,0.020332353,-0.07093928,-0.08098905,-0.055075213,-0.0043428815,-0.009996932,-0.0005771378,-0.025632609,0.020596366,-0.03494898,-0.045890927,0.047587667,0.029124415,0.023309557,-0.040893592,0.02014833,0.055060927,-0.038665157,-0.043501623,0.03266266,0.08275415,-0.015625846,0.024626829,0.037518654,-0.0037370536,0.035217095,-0.03656169,-0.046273466,-0.059643116,0.0066224975,-0.012748878,-0.038365204,-0.06367214,-0.020684611,0.059591595,0.022677511,-0.012470121,0.020818127,0.04879356,0.073548324,0.029942943,0.010248385,-0.0066425963,0.016069131,0.03660354,-0.0017670778,-0.031089867,-0.05228849,-0.0057603572,0.031263757,0.036465913,-0.0022975847,-0.021897128,-0.023293277,-0.012975859,-0.07058949,0.08698442,-0.025989888,0.04479275,-0.06746002,-0.03953518,-0.03694856,0.01186787,0.02480812,0.0013191347,0.0067393607,0.013541432,0.029621761,0.063043125,-0.03019186,-0.0012603735,0.065215014,0.04283426,-0.048898827,0.084443964,-0.007666238,-0.00879771,-0.110974,-0.048666146,0.022604529,-0.017786026,0.009683437,-0.083106525,0.018587958,0.07388796,-8.0803364e-33,0.08062027,0.009490136,-0.021399247,0.016808992,-0.023099435,-0.04155866,-0.0057262834,-0.0075980816,0.056452516,0.0072586187,-0.027903266,0.036850844,0.0737325,-0.056583315,0.031305604,-0.014777711,0.13012096,0.049747154,0.01200601,0.08458332,-0.020282686,0.03779429,-0.061041664,0.043784447,0.037609197,-0.042943023,-0.05659572,-0.002652577,0.048905075,-0.054844167,0.08099569,-0.12980284,-0.13021402,0.066733874,-0.05465398,-0.13266931,0.12399825,-0.029960379,-0.022951128,-0.020534107,-0.054175675,0.08617892,-0.01199731,0.011197809,-0.022673115,-0.05712549,-0.030034592,0.015668733,-0.09402789,-0.10523986,0.06804699,-0.007034882,0.046372972,-0.08100772,0.05780485,-0.011648981,0.068287,-0.009974449,-0.0891784,-0.06399145,0.019069599,0.06281192,-0.048262116,0.044658773,0.014329288,0.021907493,0.11318672,-0.051478706,-0.01177729,-0.08432504,0.00033466396,-0.105060026,-0.08604986,-0.0126079265,0.00021145128,0.006812314,-0.02262727,0.07162814,0.027205182,0.03766519,0.04966274,0.0028581824,-0.011454954,0.036483508,0.057964835,0.036755797,-0.057430588,0.0041210433,0.073178455,-0.019719148,-0.032448687,0.0061292043,0.03049157,0.058678824,0.069334164,-4.196934e-08,-0.03125665,-0.043562118,-0.076959684,-0.041397914,0.041016545,0.023180222,-0.056320965,0.01985166,0.017274145,-0.005408384,0.014215223,-0.03414607,-0.1112506,0.02974724,-0.11503555,-0.111216605,0.051854588,0.09008336,-0.01837013,0.009998938,0.011751424,-0.0014947241,0.074848026,-0.00971239,-0.00054115185,0.02938002,-0.057387196,-0.0330138,-0.0033868335,0.028232645,-0.03418552,0.019959116,0.012496744,-0.05475641,0.018590434,0.07441744,0.09478759,0.016726162,0.018996011,0.03939444,0.09875176,-0.029382953,0.072013795,0.035095774,0.09335043,0.049689166,-0.015983468,-0.04806602,-0.039605808,-0.10287867,0.037845787,-0.0059146527,-0.014897423,0.067414865,-0.046652153,-0.010187545,0.029350223,0.075546525,0.03417428,-0.0054729683,0.104222536,0.06708138,-0.021247031,0.030574983

CHUNK_30
-0.00978695,0.042143352,-0.0154794175,-0.058934264,-0.023927633,-0.038807105,-0.00571971,-0.060349617,-0.07933075,0.022779645,0.09878823,-0.041014034,0.024084385,-0.00077423063,0.052999042,-0.0106315715,-0.015035648,-0.05266988,-0.012355302,-0.058241986,0.048589118,0.084049225,0.026364788,-0.057385486,-0.004529957,-0.0209642,-0.019870007,0.012378509,-0.04129791,-0.06259422,0.040378664,0.05618176,0.03158136,-0.028054854,0.062408082,0.06275624,-0.030144665,0.024527695,0.103415556,-0.068432145,0.057631146,-0.013294928,0.06932649,0.015411812,-0.033020414,0.06461343,-0.015606356,-0.021613799,-0.045711983,-0.05309257,-0.0057804845,0.016697396,0.031065876,0.0577955,-0.02974144,0.012914298,0.025554651,0.0015530303,-0.014160283,-0.020407284,0.005197918,0.11412625,-0.047341835,-0.059301168,-0.028598899,-0.08809665,0.03312154,-0.07659743,0.0028726608,-0.03365948,0.04816884,-0.015634447,0.04644669,0.0030389344,-0.03288868,-0.037671346,-0.039455988,0.113521025,-0.060916416,-0.122515164,-0.025876129,0.032098155,0.039805915,0.010788105,-0.050549924,-0.0076288464,-0.032159347,0.027482664,0.045990035,-0.008137523,0.12726294,-0.040553685,0.017487995,0.023582244,0.023026444,-0.08122529,0.015856197,-0.035236754,0.06429765,0.062077574,-0.010995557,-0.06134541,-0.10035427,-0.01286592,-0.09853034,0.0016101742,-0.08280506,0.000190122,-0.013538582,0.030603211,-0.05248204,-0.011869475,-0.008212569,-0.061371513,0.0046690027,0.053140186,-0.011222159,0.036099926,-0.031950545,-0.083421566,-0.007954188,0.05148061,-0.015575519,0.022116438,-0.055881497,-0.030691808,-0.06702958,9.783333e-33,-0.043607853,-0.068562426,-0.05262849,0.019239219,-0.05696525,-0.014542164,0.015991205,0.0032674347,0.023136022,-0.018845795,0.00023402876,-0.11459923,-0.018022656,-0.104961894,0.0061264206,0.01062594,0.062244434,0.009010264,0.0916222,0.051840704,-0.0051693576,-0.031371377,-0.006379713,-0.0014285699,0.034518585,0.01253503,0.037455887,0.057044815,-0.01973224,0.043507982,0.049640026,-0.069009796,0.00684163,-0.004771498,-0.017725155,0.04694536,-0.042464525,-0.033953607,-0.0641032,-0.07232986,-0.017719317,-0.0101684,-0.014601971,-0.06293654,0.040399857,0.029424537,0.028845375,0.039526924,0.05926804,0.0804601,0.0034161457,-0.05101152,0.028353795,-0.060872607,-0.08981841,0.011573205,-0.0012961137,-0.023647845,0.023611361,0.10649781,0.042025436,-0.033789456,-0.033012465,0.011433775,-0.043374002,-0.08897509,0.08857522,-0.05923323,0.07123894,-0.090792514,-0.047197856,-0.0052174106,0.048765514,0.05323315,-0.020175442,-0.028479028,-0.023348661,0.08114665,0.017159864,-0.043703303,-0.010139662,0.049507327,0.00025928597,0.004686066,0.08885989,0.016958509,0.035547484,0.018914908,-0.068279065,0.02481251,0.016125718,-0.009564429,-0.056311153,0.050404944,0.13665748,-1.16341504e-32,0.03658189,-0.02804215,-0.105166145,-0.06562085,-0.017690863,0.014688425,0.016344022,0.0020527479,0.010464751,0.031976465,-0.04730857,0.019751476,0.0074632047,-0.009124409,-0.031796586,0.04819189,0.00395644,0.0023039936,-0.028118499,0.08635858,-0.011267186,0.022547035,0.03271805,-0.038823128,-0.056432966,0.05038067,-0.032171726,0.0504507,-0.005970201,0.051108547,-0.08448079,-0.111823216,-0.17868166,0.079182945,-0.04447153,-0.16536327,0.07397768,-0.021230033,-0.03131563,0.043775633,0.046761382,0.17607105,0.057744645,0.007713302,-0.0709751,0.018564317,0.055158246,0.054912623,0.0024685992,-0.113306955,-0.0064591207,0.05018419,0.07184289,-0.08772821,0.03368595,0.087565236,0.11235084,0.026257673,-0.006846998,0.014434343,0.064930856,0.06657458,-0.048211448,0.09055492,0.034041088,0.022210982,0.011730373,-0.10477826,0.086658984,-0.06503933,-0.07076741,-0.09494831,-0.07104858,-0.052981824,0.015506167,-0.02130288,-0.03578882,0.019247701,-0.040174086,-0.0051424755,0.053542975,-0.028354526,-0.021953592,-0.0068557956,0.036243837,-0.055368602,0.04027278,-0.005330116,0.09106438,-0.018384986,-0.045130722,0.057688907,0.013048176,0.022090813,0.02966604,-5.369432e-08,-0.0071096695,-0.028333714,0.0014427035,-0.02228823,0.05158436,-0.03890135,-0.020159025,0.07916923,0.035645936,-0.0041535636,0.0032495174,0.042556,-0.050611556,0.021921596,-0.110506386,-0.043697152,0.01421344,-0.03482938,-0.04514649,-0.031881683,0.004365924,-0.09601094,0.033603907,0.0009621562,0.027671099,-0.06930607,-0.07573924,0.053092167,0.08109892,0.030747257,-0.020645466,-0.00041662707,0.026072284,-0.02538212,0.013104376,-0.0059047444,0.006659841,-0.0008962893,0.03137162,0.0075359014,-0.003291477,-0.019944282,0.038369022,0.051490955,0.07657541,-0.0055327364,-0.06104075,-0.055747323,0.05809383,-0.12824892,0.0018504015,-0.01468409,0.020364432,0.046466608,-0.04157359,-0.007110182,-0.02065579,-0.03206301,0.034470353,0.015592752,0.054228906,0.04615943,-0.077815175,-0.019103602

CHUNK_31
0.004741643,0.06871121,0.00978052,-0.010141808,-0.065985724,0.0042688847,-0.016159125,-0.08195553,-0.091885306,0.02413923,0.10446356,-0.008670567,0.022847526,-0.035288848,0.042275585,0.047990594,0.024563132,-0.0061254282,-0.036649782,-0.0069094854,0.057163414,0.016803714,0.022924436,-0.00068633823,0.010368412,-0.044013802,-0.03698416,0.0018027414,-0.00052985724,-0.06265756,0.0020284662,-0.007889485,0.018902985,-0.009686177,0.07063668,0.06760463,0.03416531,-0.013209265,0.07639524,-0.048945386,0.02732419,-0.07345557,0.03140491,-0.03386722,-0.052667588,0.0644405,0.031189157,-0.02681213,-0.034560528,-0.026112294,0.03317203,-0.0099628735,-0.029452683,0.07978436,-0.04058352,-0.012970135,0.008442672,-0.023062875,-0.040488094,-0.032664295,-0.008031421,0.119919635,-0.07061411,-0.02328598,-0.035595927,-0.02484965,0.064366244,-0.07123219,-0.039210267,-0.035073172,0.07489484,-0.029233979,0.027542718,-0.030821204,-0.056998488,-0.05702802,-0.05722944,0.05273054,-0.077043995,-0.11983071,-0.02065016,0.04528342,0.05245297,-0.002207564,-0.06359287,-0.00338822,-0.038765337,-0.019865863,0.07413497,0.008065615,0.10750572,-0.0882823,0.032296695,-0.0015563155,0.030718457,-0.046770517,0.020754524,-0.0666351,0.059376363,0.03732682,0.009998316,-0.070878804,-0.046393987,-0.08569582,-0.06867646,0.005855338,-0.10585213,-0.024398977,-0.048667006,0.031972986,-0.048922393,-0.0052121733,-0.04322919,-0.057467133,0.039721705,0.10024894,-0.018595131,0.012744961,-0.010975638,-0.09330998,0.022439223,0.020062871,-0.014193453,0.05802439,-0.035016343,-0.02015459,-0.09827933,5.524525e-33,-0.026293386,-0.08828214,-0.008338997,0.03691837,-0.02749175,-0.04838816,0.03502917,-0.017560052,-0.028545294,-0.01833334,0.015051535,-0.0776561,0.0037268412,-0.06838089,0.01964374,-0.06414746,0.018271416,0.030576857,0.0947733,0.06558421,0.03193308,-0.02998531,0.0024425676,0.016783055,0.028002968,0.004051802,0.00071175885,0.05010861,-0.09887265,0.046695437,0.0476121,-0.03478284,-0.013765121,-0.030409895,-0.0040298537,0.047960788,0.008595931,-0.003646128,-0.028540416,-0.08835421,-0.03572486,-0.009815107,0.02620381,-0.031202018,0.02449781,0.03307821,0.051962968,0.022665745,0.07620652,0.10120534,0.010424489,-0.019813316,0.007633336,-0.10013371,-0.09669685,-0.04873908,-0.054893177,0.023049343,-0.02126094,0.06896625,0.057202216,0.027037231,-0.02496066,0.022492353,-0.09771068,-0.05180735,0.03154957,-0.026467895,0.04188622,-0.12374287,-0.062237203,-0.009131867,0.021349736,0.06606817,0.011203269,-0.03544662,-0.039505538,0.055615675,0.036177233,-0.04012117,-0.036385693,0.05635354,0.03714103,0.021056352,0.10069705,-0.010872637,0.07016337,0.023586815,-0.03241572,-0.036015596,0.010045223,0.010121915,-0.03390694,0.043878473,0.091903456,-8.589886e-33,0.061916705,-0.0705397,-0.07987578,-0.021621216,-0.031583678,0.006217823,-0.033764444,-0.012442594,-0.032993566,-0.009153866,-0.058782566,-0.0040918035,0.001130441,0.040971883,-0.042368654,-0.035618927,0.020200102,-0.0006444823,-0.035881355,0.048074663,-0.0025215677,0.023870474,0.032653354,-0.0030275763,-0.06942312,0.021640904,-0.07479503,0.0063666785,0.063765965,0.07207049,-0.06424712,-0.10237071,-0.12058347,0.06442718,-0.07391372,-0.17666826,0.090610236,-0.010377263,-0.020361135,0.031365126,0.09839261,0.09767974,0.071027786,0.04891579,-0.06406125,0.020388994,0.018965166,0.02479655,-0.04115371,-0.10453796,-0.054300684,0.025129957,0.06858669,-0.056828998,0.036993027,0.096125446,0.080955684,0.03444095,0.004471752,-0.0072022094,0.03691474,0.07003368,-0.05515699,0.085087664,0.0561928,-0.0012629541,0.018166807,-0.09807443,0.071690395,-0.047281988,-0.051168423,-0.10555432,-0.07725651,-0.0877338,0.025478428,-0.011428695,0.018358853,0.03568014,-0.056365766,0.019563377,0.07389461,-0.0475272,-0.05973601,0.0052458323,0.08034117,0.012733424,0.036553398,-0.04683829,0.043234263,0.0008018599,-0.075753935,0.040739305,-0.0051716077,0.0410306,-0.0018396004,-5.629096e-08,-0.03340067,-0.0012469346,-0.0250966,-0.0044982815,0.022296678,-0.032301158,0.0019583465,0.036773343,-0.007175724,0.0222237,0.06450075,0.041566204,-0.021130752,0.023165394,-0.1181406,-0.03758349,0.020790804,0.010651671,-0.054633703,-0.026662545,0.002067564,-0.09159656,0.026574817,-0.030854482,0.054147173,-0.0017496486,-0.00888886,0.06770525,0.13343328,0.08270065,-0.014591423,0.019043902,-0.040139914,-0.019251075,0.013224416,-0.0018382206,-0.026260205,0.027056457,0.06762295,0.016324066,-0.023277221,0.027392933,0.076977275,0.06844489,0.11610459,0.010725717,-0.09553903,-0.05026995,0.04974958,-0.10853903,0.031222587,-0.03782373,0.056075662,0.056420423,-0.0141885495,0.033751316,0.021683,-0.014220629,0.025507145,-0.00654737,0.07065759,-0.0034109177,-0.058542766,0.0050105546

CHUNK_32
-0.040168703,0.022882361,-0.036485355,-0.051966786,-0.030244565,-0.025701288,-0.02989789,-0.078283295,-0.060028173,0.02029678,0.09754137,-0.038863152,0.014319752,-0.0004694108,0.031289637,0.0334021,-0.047933575,-0.063507915,-0.07162646,-0.050640155,0.06271425,0.073770754,0.013143113,-0.0312929,-0.030763546,-0.011112145,-0.03829774,-0.04161585,-0.046581123,-0.088895716,0.0026743626,0.04818134,0.033154517,-0.01452762,0.0876873,0.04042696,-0.04533303,0.047916654,0.076339446,-0.06940718,-0.013094825,-0.04602654,0.06704039,-0.06342946,-0.011813525,0.008753057,-0.010288857,-0.051245186,-0.03932746,0.00834163,-0.055896677,-0.001358889,-0.0088853445,0.050131027,-0.020896008,-0.09085558,0.017663801,0.024583554,-0.0835551,-0.007852647,-0.0539406,0.10692186,-0.08449225,0.0028926223,-0.059725992,0.00054425496,0.02551964,-0.06771578,-0.02397837,-0.043154556,-0.06678126,0.020077538,0.051401623,0.011967351,-0.028027387,-0.032220144,-0.06238674,0.07215331,-0.04224118,-0.12992577,0.0028528213,0.026033225,0.018827595,-0.0029992622,-0.008915286,-0.00039759444,-0.026919434,-0.020192802,0.03525355,-0.007451208,0.089487635,-0.02471064,0.03659013,0.035624463,0.015293651,-0.03946708,0.024370296,-0.0035225041,0.04189598,0.027843699,-0.03774365,-0.014655403,-0.06672895,-0.034213692,-0.110446334,-0.01415168,-0.05787942,-0.025875837,0.02027551,-0.009115983,-0.030397318,-0.021884307,-0.04387925,-0.10734539,0.010683375,0.04351406,-0.050010357,0.04877845,0.005039752,-0.04825664,-0.059629474,0.050325222,-0.025565075,0.01518839,-0.03651974,-0.034385905,-0.055363573,8.986723e-33,-0.016117793,-0.048099037,-0.018466538,0.03465028,-0.030478578,-0.081724554,-0.008835864,-0.013236415,-0.023790482,-0.018976187,0.036545437,-0.07654404,-0.017907836,-0.062494166,0.034495458,0.0014702843,0.052807126,-0.02292955,0.03091361,0.033073593,0.019623946,-0.030219547,0.0032919862,0.0031804994,0.011203578,0.037045974,0.08226725,0.07410798,-0.04512203,0.045215603,0.07534946,-0.07755923,-0.024276191,0.020241752,-0.013025556,0.05077956,0.012280171,-0.020250726,-0.014363903,-0.08133282,-0.07089871,-0.001344748,-0.029372144,-0.040151708,0.09046508,0.0029065975,0.027204266,0.055340257,0.07080559,0.10495101,0.0026008843,-0.019357417,0.0337891,-0.054356314,-0.04282666,0.01750564,-0.039250474,-0.016298205,-0.019735929,0.07990237,0.052807935,-0.03463873,-0.030050954,-0.01822906,-0.08797979,-0.056810662,0.08875199,-0.065834396,0.070245914,-0.06984295,-0.05284973,-0.024473416,0.029802553,0.045795474,0.060839616,0.0007599555,0.01139909,0.039629858,0.030492693,0.016173704,-0.033703316,0.06587075,0.021566205,-0.016216535,0.083285905,-0.02163043,0.041639183,0.013070839,-0.022613598,-0.019525975,0.017419597,0.011285205,-0.06685139,0.054791883,0.09842727,-1.1031083e-32,0.09896373,-0.009400026,-0.09729756,-0.056596722,-0.01286807,-0.01456353,0.00041934478,-0.0330236,0.09231278,0.03628404,-0.03485084,0.035265867,0.013379672,-0.048279446,0.013057057,0.038530033,0.02042372,0.036314692,-0.012832449,0.10221471,-0.014790767,0.07841574,-0.00019780167,-0.00025147793,-0.007625312,0.013599057,-0.0781834,0.031479046,0.05959554,0.04825158,-0.05779054,-0.12974127,-0.14342962,0.036853913,-0.092238426,-0.1719618,0.06422159,-0.053553093,-0.041242093,0.07296994,0.030892083,0.15117729,0.033239067,-0.00020578635,-0.044853047,-0.0019922906,-0.0008761209,0.06585929,-0.036729176,-0.1136937,0.017898293,0.022208894,0.03349253,-0.100655764,0.06903086,0.073316775,0.10747813,0.019036839,-0.10684165,-0.040821977,0.03698686,0.08381902,-0.0072809956,0.08215431,0.005064294,0.008409357,0.05642257,-0.10029328,0.050297268,-0.07519999,-0.051510744,-0.104195036,-0.10012904,-0.04985423,-0.030489033,-0.031706557,-0.0045167524,0.024760773,-0.03101478,0.022550078,0.07339102,0.015745815,-0.015299821,0.0168263,0.04862902,0.020861473,0.014061443,-0.0114831,0.061637286,0.024161616,-0.04689207,0.050367605,0.06977853,0.078891106,0.028797539,-5.544189e-08,-0.041203074,2.3433919e-05,-0.009163561,-0.03589105,0.03586556,0.001989119,-0.02868546,0.08595147,0.026054764,-0.03639544,0.076034755,0.015373377,-0.0459073,0.022426244,-0.090492085,-0.04543396,0.048259664,0.014846991,-0.043868653,-0.0043313974,0.02173662,-0.091941155,0.012192022,0.027528275,0.039451532,-0.014553094,-0.040615976,-0.024599345,0.017614365,0.017758487,-0.027750907,-0.0033996527,0.044580538,-0.07249173,-0.009505537,0.017732352,0.051447343,-0.0017622499,0.043481056,0.058992624,0.05575466,-0.028126055,0.05087259,0.040287774,0.09407764,0.005349924,-0.062114663,-0.08606232,0.02140592,-0.12200286,-0.02417497,-0.041079935,0.019283697,0.05580229,0.0014627436,0.0350567,-0.008005878,0.01585121,0.05337762,-0.019392531,0.121405445,0.09468199,-0.027910221,0.008502785

CHUNK_33
-0.041951668,0.044414386,-0.055019476,-0.05643879,-0.020926328,-0.021218581,0.021295387,-0.053727113,-0.066925086,-0.007653617,0.10732131,-0.020219771,0.013901709,0.012490738,-0.008469554,0.0064480943,-0.079700045,-0.0126978615,-0.0614039,-0.050406355,0.04751699,0.07877199,0.037419785,-0.034844458,-0.011951598,0.060845308,0.014289151,-0.04001305,-0.049534157,-0.047821444,-0.016262038,0.055183686,0.036275767,-0.022578292,0.06431785,0.041227322,-0.08521233,0.05034711,0.027088052,-0.040706154,0.017145842,-0.040662378,0.04340103,-0.064540684,-0.012931455,0.013695414,0.0029012458,-0.06840202,-0.030501705,0.019718105,-0.089436546,0.01248951,-0.031093437,0.014652497,-0.0063685323,-0.13944864,0.04467343,0.053069867,-0.07504617,0.05021907,-0.022848006,0.12751774,-0.06248641,0.03297139,-0.0011692259,-0.021016695,0.033650354,-0.001018557,-0.02809433,-0.08773471,-0.014421467,0.037166677,0.031932548,0.0036167933,-0.047279045,-0.036637206,-0.07572304,0.048997212,-0.03937144,-0.14935935,0.02231022,-0.015938513,0.06427501,0.021736061,-0.04758661,0.039111547,-0.017269915,-0.06574311,0.042174377,-0.024695013,0.05416532,-0.011334269,0.07098317,0.07888907,0.011478236,-0.0059301634,0.004278957,0.03204602,0.026089748,0.039363466,-0.022307888,-0.006851423,-0.073341556,-0.0005702904,-0.14359334,-0.04570181,-0.056185603,-0.037195705,0.0038381813,0.00962996,0.0079381475,-0.02422558,-0.05827899,-0.09783081,0.03205999,-0.012274787,-0.030545311,0.045618374,0.031346634,-0.0047564846,-0.07258266,-0.011826617,-0.041711684,-0.008777823,-0.05484464,-0.046331298,-0.052761175,3.441848e-33,-0.007506229,-0.032669313,-0.02551509,0.06858164,-0.060412973,-0.10916217,-0.03426812,-0.05908601,-0.054996222,-0.029540503,0.026024755,-0.056492608,-0.0455051,-0.077312894,0.018405989,-0.0004993768,-0.017097868,-0.018351573,0.016287306,0.0047159875,-0.007411842,-0.021156305,-0.013594597,0.034071874,-0.00021626565,0.031835254,0.08459084,-0.017614186,-0.04238667,0.047240153,0.09389925,-0.049821004,0.013895555,0.027399598,-0.026622124,0.05577827,-0.04600282,-0.031263024,-0.030617263,-0.05900883,-0.027184317,-0.0021927708,-0.011963599,-0.030879296,0.072005965,0.045562703,-0.019697046,0.023200927,0.057876382,0.07078802,-0.024466004,-0.004445429,0.008814644,-0.025827702,-0.0034926105,0.05268777,-0.03781042,0.0029490853,-0.019655706,0.06466922,0.05110738,-0.019532297,-0.037604176,-0.010612021,-0.029157419,-0.069669686,0.083608545,-0.07613354,0.051407814,-0.043775547,-0.062613465,-0.024505492,0.051381595,0.00037112282,0.014785027,0.00040008329,0.011077919,0.04644701,0.016857576,-0.017320056,-0.042976484,0.034536645,0.017387822,-0.01753043,0.049462233,0.0076540583,0.013130319,-0.035637233,-0.032579128,0.0018806078,0.015475695,0.016179046,-0.094113424,-0.0031429469,0.042100247,-7.979049e-33,0.09643735,0.02773801,-0.058084335,-0.030122591,-0.030199008,-0.029982582,0.0043083923,-0.0007685855,0.059460677,0.07539729,-0.03758666,0.04169328,0.037707053,-0.06505819,0.018319378,0.019510197,0.092466585,0.025834853,0.009370187,0.085808456,0.00433133,0.023241298,-0.0017318357,0.008473366,0.024414958,-0.038158048,-0.060473632,-0.014439336,0.008324587,-0.006516311,-0.0038492572,-0.13581887,-0.15599741,0.007574481,-0.10400601,-0.15228464,0.079948455,-0.04197989,-0.023984177,0.034740895,-0.015143753,0.13383652,0.032449704,0.004435584,-0.048412282,-0.010387564,-0.029883314,0.08570841,-0.045927845,-0.15924852,0.043888498,0.003582001,0.04895882,-0.14285636,0.05069257,0.051272165,0.06882461,0.021312645,-0.10818315,-0.05065964,0.025693575,0.046612956,-0.01721692,0.027539575,-0.05345968,3.6098713e-06,0.090432696,-0.08041397,0.03181976,-0.10975154,-0.017595522,-0.11110204,-0.058994114,-0.023327889,-0.05632676,-0.04892581,-0.025224429,0.03784596,-0.0017654386,0.005989664,0.08719718,0.038776148,-0.033053372,-0.010892929,0.12740071,0.035401367,-0.018600963,0.013429274,0.078321435,0.017915154,-0.03828512,0.07136203,0.06744592,0.024415256,0.027172541,-4.333563e-08,-0.062725626,-0.03548116,-0.040966652,-0.04370726,-0.010897704,0.03954919,-0.03461996,0.053502772,0.057568025,-0.020535966,0.07797734,-0.021764465,-0.0879826,0.08062633,-0.10995869,-0.027897187,0.05844904,0.051555056,-0.03569561,-0.00074991863,0.030962246,-0.03821509,0.03381864,0.010062479,-0.013153942,0.0361659,-0.023411397,-0.0752216,-0.007715687,-0.035043173,-0.06401074,0.019034866,0.08143823,-0.08492275,-0.0041134674,0.07608516,0.0802937,0.0026932082,0.0006712704,0.032813873,0.042352673,-0.062869176,0.05628844,0.051076204,0.06291538,-0.0012956786,-0.027212236,-0.035141904,0.014183112,-0.10510747,0.0047616335,-0.03235923,-0.01527467,0.048523925,-0.008845738,0.019816155,0.023792926,0.03534003,0.046263624,-0.022688448,0.11022239,0.05849212,-0.037265595,0.023178808

CHUNK_34
-0.0349982,0.012727807,-0.0662649,-0.042492043,-0.051847566,0.027541885,0.01853,-0.056632992,-0.0203494,0.01616693,0.044146854,-0.030029323,0.009527358,0.022766126,0.01955801,-0.06309851,0.01372227,-0.030665668,-0.042717714,0.0649419,0.054175146,0.0891983,-0.00398445,-0.04668123,-0.040514346,-0.052911483,0.009322137,-0.06823556,-0.029576726,-0.028768118,0.028082367,0.016545469,0.027596459,-0.0070773177,0.069660395,0.025364235,0.001955892,0.05552007,-0.0045581595,-0.055625137,0.065288536,-0.05117064,0.032783292,-0.032519393,0.026515733,-0.007390486,-0.04914977,-0.023004046,-0.0640319,-0.027026556,-0.09558739,-0.026310451,-0.011022899,0.036377687,0.023644267,-0.1040816,0.027895538,0.018646846,-0.05217614,0.03067229,-0.018212456,0.11203574,-0.02970872,-0.01574415,-0.0026208677,-0.008990254,0.08226754,0.023808043,0.06054546,-0.00081670884,-0.04662658,-0.06594774,0.045339733,-0.011528358,-0.11693235,-0.019517634,-0.037546523,0.06862209,-0.015732309,-0.13344076,-0.08316413,-0.10549853,0.054059364,0.030820372,0.010052565,0.03457636,-0.016310897,-0.049162842,0.03838283,0.012300513,0.15935475,0.0035731182,0.0435716,-0.028508894,0.032144286,-0.023147443,-0.023139186,0.037692733,0.02599355,0.037451416,-0.02339083,-0.02625065,-0.13556057,0.014627176,-0.021649893,-0.05084083,-0.071090065,-0.07720511,-0.022461135,-0.018881856,-0.049961723,0.11196199,0.009749314,-0.09324099,0.0027385545,0.07672265,-0.054113936,0.031475376,0.0012633741,0.016116198,-0.0051275934,0.10267674,-0.042829,-0.01598932,-0.023225944,-0.026429117,0.015331916,9.125853e-33,-0.042927545,-0.0056141648,0.010904456,-0.05214519,-0.010911488,-0.08156418,-0.04409349,-0.043805517,0.06239959,-0.038725685,0.00023139753,-0.04084621,-0.01919714,-0.07996028,-0.027339071,0.04590435,0.0052756476,0.018682005,0.046111688,-0.017797375,0.044408537,-0.095885925,0.024588846,-0.022212498,-0.0584742,0.021710845,0.020067299,0.013100292,0.012110907,0.05394039,0.10791115,-0.05192986,-0.016422978,-0.02497758,0.006673327,0.034462232,-0.06591551,0.025805008,-0.06884092,-0.014634867,-0.001029901,-0.004666408,-0.058938656,0.031456627,0.043441854,0.03680035,-0.008521244,0.1023528,0.13436298,0.036074266,0.02531907,-0.05198993,0.03231735,-0.018379016,-0.061693978,0.06624198,0.04724039,-0.051104672,-0.026686583,-0.0073115015,0.066788256,-0.025441058,-0.066952944,0.014473217,-0.07548972,-0.028559072,0.006549424,-0.025160197,0.083336934,-0.10756734,-0.019344721,0.046608686,0.049226526,0.050471406,-0.058316894,0.021243542,0.038595967,-0.04552258,-0.021743644,0.0053680157,-0.008161409,0.08347625,0.056322213,-0.06862644,0.10634645,0.0017530468,0.016090248,-0.011276616,-0.022721514,0.039098646,0.015120027,-0.038971834,-0.002075234,0.047033403,0.0387105,-1.1048664e-32,0.019824155,-0.02581536,-0.048804004,0.0073003457,0.031293254,-0.0034750917,0.0048824823,0.007544545,0.080805,0.06011131,-0.041876152,-0.0104475925,0.044136297,0.046396434,0.013769383,0.020971263,-0.015159932,0.0032385527,-0.043001212,0.017662456,0.020476686,0.0325691,0.014797842,0.055429164,-0.03926942,0.04013102,0.0067514516,0.03728126,-0.0059925257,-0.006615958,0.04079786,-0.051094104,-0.12347816,0.07234036,-0.04899771,-0.10136059,0.09627698,-0.025909217,-0.06843366,0.021504557,-0.008887037,0.12850311,0.0005414414,-0.025033267,-0.028477464,-0.02054,0.08815248,-0.025169043,-0.0057488163,-0.12536536,0.053530194,-0.022158863,0.07037707,-0.02768132,0.021638239,0.03674205,-0.002023106,-0.017546069,-0.06968141,-0.0117210485,0.085832305,0.06716193,-0.028373433,0.07753654,0.048896704,-0.015423551,0.02567879,-0.08541464,-0.008084355,-0.07741393,-0.007581923,-0.111203626,-0.10833834,-0.021427348,0.006181348,0.021535698,-0.04236313,0.0080996165,-0.040114164,-0.004917056,0.05653343,0.026220925,-0.026167644,0.03022496,-0.058164764,-0.037859555,0.06639543,-0.024465341,0.10571724,0.017471794,-0.00067542907,0.0149752125,-0.0023088956,0.018087212,0.021812547,-5.4134354e-08,0.04140054,-0.08365296,0.011088769,-0.03860693,0.044548046,-0.12251725,-0.050557498,0.008494939,0.020304848,-0.010989559,0.044976383,-0.01719987,-0.026233485,-0.056833223,-0.02030467,-0.09682448,0.0030540258,-0.03166016,-0.076669924,-0.055273548,0.0338808,-0.047758486,0.028242445,-0.048330665,0.041040055,-0.0444804,-0.058083992,0.06981282,0.033118933,0.07822971,-0.029055009,0.04004663,0.06031492,-0.08187047,-0.118996605,0.019187385,0.0993711,0.017092375,0.029768525,0.073638365,0.01462674,-0.11839675,0.093870446,0.059438333,0.058310203,0.01891249,-0.061562482,-0.023302816,0.07812702,-0.101675965,-0.008061251,-0.037971117,0.08076376,0.047200266,-0.064705305,0.029809525,-0.027257662,0.02438382,-0.0047492743,-0.044582818,0.12200232,0.00024549576,0.0021192986,0.044768386

CHUNK_35
-0.02319559,-0.010128108,-0.027682671,-0.03263851,-0.06970304,0.03190947,0.02869361,-0.06093237,-0.05393974,-0.00580581,0.027116371,-0.06533736,0.01769997,0.004220998,-0.018412353,-0.043073934,0.007459635,0.02582102,0.010284698,0.078532316,0.042598482,0.09941427,-0.017398793,-0.030377645,-0.018825183,-0.07684816,-0.034232248,-0.07496497,-0.051013757,-0.045295503,0.03152024,0.01703912,0.045653995,-0.0066620125,0.07463269,0.027966639,0.004466211,0.0572772,0.031587053,-0.03143392,0.008716873,-0.0043673324,0.04428109,-0.05399519,0.017767526,-0.026136355,-0.05989733,-0.04348567,-0.032683443,-0.0039035,-0.074518494,-0.06987203,-0.031630248,0.025819283,0.004258871,-0.088313624,-0.012251689,0.021791888,-0.0795703,0.003067891,0.029307328,0.10924389,-0.050152905,-0.015916014,-0.007111715,-0.012835042,0.07038345,0.05533374,0.06772336,-0.014714626,0.015099872,-0.008046914,0.037683077,-0.04331777,-0.09317573,0.0011656949,-0.0652563,0.088919275,0.0017005971,-0.08936413,-0.018937746,-0.036169402,0.043816622,-0.012185529,-0.021441357,0.033767205,-0.010135118,-0.07668684,-0.0120035345,-0.002405441,0.110529654,-0.024568513,0.07230067,-0.016291387,0.08608946,-0.018019166,-0.042665113,0.015417686,0.044803403,0.06693942,-0.059121385,-0.02715075,-0.112927966,-0.026711037,-0.09670423,-0.070834786,-0.061540905,-0.04643647,0.006581827,-0.016074883,-0.04591203,0.10692133,-0.021882791,-0.059596308,0.023327764,0.08420216,-0.030753916,0.01719772,0.020878851,0.013995597,0.003390114,0.07686127,-0.05431434,-0.024366856,0.026209645,-0.041946452,-0.028142655,8.601767e-33,-0.030515186,0.04373858,-3.6193418e-05,0.055926163,0.009466517,-0.080723524,-0.04182268,-0.052368224,0.013181441,-0.028740471,-0.01831022,-0.011170877,0.023100007,-0.08796104,-0.043108385,0.009276613,-0.0035075615,0.06611757,-0.013118129,0.0070244623,0.006666251,-0.058126885,0.0392718,0.020082958,-0.07194468,-0.0009942353,-0.017285129,0.017675234,0.007429463,0.03282188,0.10250075,-0.056730162,-0.019479921,-0.05289187,0.061608315,0.07401781,0.026779301,-0.003599828,-0.051422514,-0.020657126,-0.031159675,0.03560029,0.015045387,0.031682745,0.07734424,0.020837331,0.011327915,0.05658916,0.11656911,0.05571493,0.01697553,-0.07556643,0.0017976194,-0.021512873,-0.034425773,0.038798116,-0.019734975,0.064139076,-0.061218165,-0.012663091,0.08731579,0.008080102,-0.0749526,0.03528588,-0.05060094,0.018463032,-0.019472668,-0.09197555,0.13723508,-0.16911937,-0.05698846,0.0013600651,0.018212346,0.063536495,-0.053359255,0.018397173,-0.010222033,-0.061377965,0.007168407,-0.018038206,-0.073657215,0.09118343,-0.012032114,-0.091707505,0.13292043,-0.070168294,0.05232961,-0.051983032,0.0037187573,0.029158998,0.026566943,-0.014264807,-0.026350582,0.0643398,0.011637573,-1.02226954e-32,0.04663158,-0.06249601,-0.032920294,-0.03605549,0.028700208,0.02281222,-0.010509777,-0.019181076,0.0717894,0.0061041904,-0.014736152,-0.004029056,0.030313527,0.08937878,-0.032851513,-0.023613947,-0.0025791342,-0.017163739,-0.044777393,0.009421557,0.060714543,0.03776768,0.061615445,0.030446324,-0.05112878,0.028852403,-0.0034446644,-0.0033886395,0.05152266,-0.03179764,0.07432463,-0.0635016,-0.13725832,0.05566401,-0.033959746,-0.078878656,0.11717374,-0.03130255,-0.045298874,0.004485087,0.009295122,0.099559315,0.007958905,-0.007860429,0.01392686,-0.06231624,0.059020787,-0.029516213,-0.0094342185,-0.09739452,-0.005391167,-0.071072415,0.072822645,-0.028512696,0.077725865,0.042306658,-0.008853704,0.0037386003,-0.08107878,0.01963342,0.10653663,0.08974944,-0.06907793,0.12732832,0.07903323,-0.030441005,-0.031195426,-0.02157013,-0.035069574,0.00559459,-0.039980806,-0.09341956,-0.09601848,-0.047179144,-0.02147165,-0.00096052943,-0.039469186,0.004699353,-0.06040231,-0.019192558,0.026484953,-0.01442421,-0.024403473,0.010051377,0.012992013,-0.012766121,0.09129991,-0.034818258,0.10305357,0.03683061,0.0076306094,-0.05386905,0.06848842,-0.05580413,0.003625023,-6.09113e-08,0.030310886,0.008307855,-0.04438742,-0.013511517,-0.020050582,-0.06435202,-0.059210233,-0.015355098,-0.019382892,0.052940227,-0.00031544414,-0.014910299,-0.044356644,-0.08594862,0.026415007,-0.094089836,0.00089434744,0.041653834,-0.07507935,-0.041799773,0.058459427,-0.045042317,-0.008480394,-0.06812322,0.0016897682,-0.023679359,0.0036325515,0.02049956,0.004493036,0.072973095,0.0049408046,0.05449593,0.014520039,-0.06862551,-0.071683556,-0.00662787,0.08688958,0.04479957,0.062694795,0.106508285,-0.021684287,-0.090565406,0.059432413,0.057552718,0.07220542,0.016157947,-0.076266065,0.0283923,0.08472891,-0.081319265,0.030922797,-0.021976028,-0.0046206345,-0.012385219,-0.04931412,0.05168698,0.020765973,0.09412063,-0.032764245,-0.013276242,0.07368923,0.008039361,0.014910868,0.030882422

CHUNK_36
-0.05444992,-0.01937946,0.0066011464,-0.008275207,-0.052856002,0.068401426,0.038779862,-0.033055637,-0.062364344,0.010318391,0.0027234314,-0.09359509,-0.028907489,-0.014985335,-0.034365084,-0.030039648,0.031329755,0.046562094,0.050640322,0.004884934,0.021125523,0.023511456,0.010941684,-0.029425604,-0.070344165,-0.080557376,-0.11789683,-0.034027893,-0.05044425,-0.069485694,-0.022716638,-0.010044123,0.045141384,0.0035042744,0.060369346,-0.01823517,0.04119299,0.021497855,0.024895038,-0.027631225,-0.017851142,-0.053793546,-0.045098923,-0.062112402,-0.014142998,0.020830438,-0.009928076,-0.029942503,-0.06739348,-0.02572483,-0.028520662,-0.043871894,-0.01625516,0.005330228,-0.012322569,-0.011101378,0.017914608,-0.02749355,-0.019245427,0.0035198785,-0.011362076,0.058583606,-0.121436685,0.005746651,-0.0042959503,-0.04425013,0.048147634,0.024550086,0.06312238,-0.018166864,0.023376495,-0.021699475,0.0014937902,-0.04689423,-0.055936992,0.017469343,-0.017869828,0.061636277,0.06295594,-0.082843326,0.012821477,0.09396527,-0.029615182,-0.018869523,-0.011533653,-0.043605816,0.019958107,-0.05758761,-0.02070324,0.0070228637,0.09788242,-0.017641278,0.062160295,-0.00035300248,0.03352752,0.006748929,-0.029703394,0.05334308,0.07883819,0.058826543,-0.06903599,-0.03142082,-0.09943917,-0.054296352,-0.0782367,-0.015176471,-0.027264692,-0.009212167,0.0032324188,-0.01498969,-0.04233557,0.029854339,-0.08187626,-0.043635026,0.0623674,0.06876158,-0.03171534,0.033932347,-0.010464758,0.02999615,0.011811864,0.06320692,-0.0930125,-0.05363518,0.052672032,-0.005374208,-0.014161194,5.476156e-33,-0.013463534,0.05940386,-0.029373506,0.078229,0.019581866,0.034200784,-0.015093672,0.008944352,0.016863128,0.009842563,0.011939747,-0.033429872,0.048356146,-0.14734326,-0.043544758,0.023387207,0.05098366,0.025036538,-0.05582825,0.0018479774,0.042171102,-0.0003633496,0.05113558,0.017138014,-0.0026407803,-0.0078036236,-0.058961112,-0.0103458855,0.05603254,0.022937674,0.05231413,-0.002516182,0.05854613,0.016061747,0.075993,0.07543667,0.025276382,-0.021623075,0.014396987,-0.009844393,-0.062790066,0.01586842,0.024996521,0.012326195,0.024202162,-0.05933681,-0.01596733,0.041354083,0.07200871,0.08870033,0.06205927,-0.046065867,0.005074242,-0.0001110757,-0.017790604,0.002918211,-0.06956124,0.041051377,-0.048562866,-0.017983122,0.14161511,0.073215105,-0.0750867,0.021730708,-0.050176267,-0.060504366,-0.065451756,-0.06269949,0.082852,-0.15974778,-0.054428346,0.051159848,0.026902067,0.060745746,-0.06736871,-0.02677643,-0.0121406205,-0.10286974,-0.024189856,0.03258391,-0.05725634,0.07117734,-0.01979105,-0.03916039,0.15306313,-0.086742274,0.0578134,-0.023854507,0.05860602,0.02867187,0.011907256,-0.06630628,0.024978617,0.08955936,-0.019250764,-8.224169e-33,0.06731013,-0.09810974,-0.0223789,-0.04245259,-0.034345075,0.06771058,0.011871517,-0.057684675,-0.0012179371,-0.024528049,-0.06999453,0.01309646,0.026410334,0.021379221,-0.0413672,-0.045165405,-0.060425065,0.014812725,-0.06084145,0.046743635,0.095955424,0.08476382,0.05130474,0.014878692,-0.07206919,-0.020168746,0.078449786,-0.006977285,0.033747815,-0.0030540163,-0.038484097,-0.08912924,-0.10106002,0.01794555,-0.009888264,-0.08234877,0.16639793,-0.055386003,-0.03389722,0.06227757,0.038431797,0.061899252,0.012880672,-0.02870006,0.040710658,-0.05739928,0.022310434,-0.016356632,0.009520088,-0.059774786,0.009930825,-0.08003356,0.019687712,0.035956483,0.047705725,0.047406703,-0.012494801,-0.048484217,0.043626945,0.006682379,0.0776951,0.09286087,-0.050162155,0.089673415,0.096031755,-0.030057512,-0.093900464,-0.016804786,-0.0042522135,-0.0052748965,-0.103435926,-0.10092115,-0.078146785,-0.09526191,-0.013515969,-0.014978217,0.0032785535,-0.012376577,-0.08433225,0.022553235,0.031782508,-0.013396316,-0.025749179,0.008419743,0.04614184,0.031905856,0.09079364,0.009985272,0.09075428,0.038509943,0.024005882,-0.08975827,0.100580364,0.003610758,0.03175483,-6.7776305e-08,0.03867957,0.0088879345,-0.0322323,0.026867827,0.06849627,-0.038682744,-0.071329035,-0.06718807,-0.0031159136,0.034329683,0.08504992,0.027452698,-0.03885692,-0.0934077,0.0487787,-0.024374649,0.012089949,0.03469243,-0.061186384,-0.01261857,-0.07781578,-0.03879948,-0.046372283,0.028372781,-0.04648961,-0.07080408,0.025731627,0.04138276,-0.03182527,0.01283952,-0.015013571,0.0425537,0.034101088,-0.02299065,0.0026994406,-0.037231408,-0.023074253,0.05023865,0.027897349,0.052723236,-0.0039059299,-0.053756144,0.052728616,0.0673969,0.06767725,-0.015501564,-0.10088565,0.028279096,0.06746306,-0.050550144,0.0050463444,-0.022934461,-0.009844497,-0.005084528,0.02658284,0.080515705,0.07054133,0.04956652,-0.108377635,-0.0067222966,0.046601433,0.043222502,0.015008444,-0.0022072878

CHUNK_37
0.017050942,0.07086662,-0.018158166,-0.04836833,-0.046411242,0.047493648,0.04107102,0.011599983,-0.030114867,-0.012852176,0.055264294,-0.08756629,0.04576437,-0.017004112,0.0010768573,-0.03757844,0.0210388,0.055307657,-0.011457132,0.019186344,0.081860736,0.02539774,-0.038347308,0.0067602685,-0.07230975,-0.05311967,-0.05745022,0.00045769766,0.007337519,-0.12700838,0.012129938,0.0062966226,0.096467264,-0.0005905371,0.0457674,-0.034161564,0.009777141,-0.06668422,0.02116835,-0.0055520507,0.0033143302,-0.015003783,-0.046445496,0.0019781175,0.006121183,0.050307278,0.046992145,-0.023487216,-0.056209147,-0.03083256,-0.030888572,-0.055627763,-0.017537437,0.038371585,-0.0749789,-0.08838788,-0.016904384,-0.0013736534,-0.0024194228,-0.030288951,0.007890914,0.08398028,0.0034440057,-0.01801026,-0.043369766,0.006987748,0.012385188,-0.011754927,0.03279481,0.020473016,0.036250897,-0.052537773,0.034633975,0.0044758287,-0.024361176,0.021675305,-0.030262766,0.028527405,0.06234437,-0.11161014,-0.029852401,-0.031568706,-0.052871656,-0.053873166,0.027807716,-0.021413248,0.028241938,-0.04452413,0.00465334,0.001490913,0.15636675,-0.02122152,0.0705518,-0.017310679,0.056351867,-0.021995371,-0.025815396,-0.0043750657,0.03589238,0.045633774,-0.038222704,0.0017937152,-0.08387437,-0.040911995,-0.0047957376,-0.013803926,0.026125422,0.027040025,-0.014818043,-0.035262834,-0.07092991,0.035441376,-0.10133961,-0.068535626,0.052765626,0.055050056,-0.0090126265,0.042828724,0.027919158,-0.07912297,0.04282004,0.039590392,-0.0541283,0.0064598545,0.04464336,0.0016654364,-0.04629949,8.4902974e-33,0.017658522,0.0687094,-0.08397391,0.022155251,-0.005824884,0.010880941,0.0019978362,0.021374932,0.0039076647,0.02865471,-0.057146028,-0.04073562,0.07929368,-0.1334239,-0.033714205,0.03042355,-0.008981584,-0.0070796916,-0.023901112,0.035851363,0.043997206,-0.035659414,0.024084825,0.05207454,-0.044737305,-0.040410224,-0.050855894,-0.019826954,0.018614704,0.020012064,0.06911288,-0.019898526,0.047170557,-0.00046992645,0.07589286,0.07514212,0.008434374,0.02024222,0.013012211,-0.0034849232,-0.088406205,0.007621441,0.07435105,-0.007629265,0.015355208,-0.03508741,-0.016301226,0.008659139,0.09204428,0.0575589,0.0016551327,-0.057779264,0.099891834,-0.0068488745,0.033892468,-0.0076683885,-0.092399225,0.11505908,-0.0550136,0.003013502,0.054528248,0.06787318,-0.059832457,0.031369984,-0.05020955,-0.03590154,-0.053324267,-0.077890754,0.080640234,-0.1992869,-0.08185518,0.059889786,0.03495641,0.042245157,-0.066713594,-0.058465697,-0.04007531,-0.037479628,-0.007950599,-0.012428122,-0.096014835,0.010952645,-0.01190096,-0.034996267,0.11523244,-0.068571426,0.07713312,-0.003290668,0.029875552,0.020558177,0.03378496,-0.07233908,0.019042686,0.1071949,0.056723807,-9.271406e-33,0.0046136,-0.08296609,-0.038288623,0.04794773,-0.013070072,0.0016426808,0.009676429,-0.028010655,-0.017949339,-0.05201386,-0.017526628,-0.044414055,0.004970879,-0.0003140572,-0.03904733,-0.02579477,-0.0822241,0.012547779,-0.07147969,0.009506836,0.04803616,0.013559668,0.09073385,0.033279333,-0.05714965,0.037445273,0.04980337,-0.059961215,0.046283204,0.020488605,-0.008218573,0.026711218,-0.09461122,0.034464356,-0.057146028,-0.15274794,0.14751057,0.013478693,-0.023707513,-0.0070081456,0.04623101,0.09381316,0.045323927,-0.054758865,0.0048246956,-0.0030088453,0.09406225,-0.027565163,0.011602851,-0.029151589,-0.0145763,-0.10233108,0.08020229,0.053598896,0.074728355,-0.0024620513,0.0049270717,-0.011253795,0.0105330385,0.05802001,0.092398494,0.07315341,-0.052951586,0.07124742,0.09285737,-0.026370322,-0.12918907,0.027987614,0.015815955,0.01940419,-0.09106162,-0.12019559,-0.08016187,-0.08830047,-0.0034446823,-0.0007113766,-0.0058437036,-0.0014799195,-0.055857763,0.009614433,0.06843768,-0.0077475565,-0.042032108,0.04463068,0.027994886,0.024339737,0.032570593,-0.051034994,0.05699198,0.022566913,-0.023282444,-0.07070866,0.063004375,0.017251171,0.030285304,-6.591373e-08,-0.04086153,0.034346882,-0.025068149,-0.022495275,0.046961434,-0.0054765637,-0.044635776,-0.06378703,-0.037856363,-0.03414468,0.048545312,-0.011941956,-0.006135411,-0.10049969,0.04967988,-0.048783503,0.013823673,0.06662567,-0.03550358,0.050173003,-0.03018736,-0.080063075,-0.037960846,0.009456074,-0.009689075,-0.051971912,0.04965668,0.03684765,0.04529866,0.04018728,-0.026945133,0.03801796,0.09252604,-0.057734467,-0.0276893,-0.014432421,0.002344706,0.027847545,0.00853347,0.083383806,-0.042465273,-0.023959639,0.035566516,0.03831943,0.13361067,-0.027489876,-0.10119877,0.045281474,0.035598688,-0.08954868,0.032976877,-0.032780986,-0.006120911,0.02048854,-0.0059278356,0.05286851,0.057848483,0.01312002,-0.034942742,-0.03707642,0.043828867,0.017278027,0.056417394,-0.014726646

CHUNK_38
-0.016662845,0.028435856,-0.0053072483,-0.015485658,-0.04376192,0.06479482,-0.034060016,-0.020949803,-0.07316091,0.025763791,0.014878062,0.0024376418,0.009947903,0.00887105,0.03633462,-0.006475829,-0.037162982,-0.0034268345,-0.04630701,0.06094139,0.12330003,0.06604797,-0.06054652,-0.025947595,-0.05304375,-0.001248621,-0.0131787,-0.038739353,-0.009367285,-0.054016415,0.005225097,-0.0038054902,0.05775839,0.0039007321,0.06517515,0.02726962,0.016916271,-0.017762227,0.06630132,-0.055205073,0.026270734,-0.043593176,-0.02019789,0.038245406,-0.03467783,0.02824278,-0.0043573948,-0.050878607,-0.05981207,-0.03447982,-0.0513709,-0.043667633,-0.04442529,0.08958671,-0.038188547,-0.117615245,0.006148615,-0.07475617,0.005422294,-0.024616078,-5.7395966e-05,0.073786356,-0.0379504,-0.02706517,0.021927021,-0.01902026,0.035444483,-0.013279274,-0.0092721395,-0.026608825,-0.049241733,-0.044728566,0.03560071,-0.005355544,-0.0696143,-0.026485002,-0.07204149,0.03532026,-0.0082998155,-0.15091936,-0.013423262,0.014422003,0.03153808,0.0747486,-0.008447791,0.01503995,-0.012043942,-0.036024183,0.02959722,-0.011878296,0.096164,0.042490896,0.09042833,-0.028421683,0.058090903,-0.022335628,-0.02228994,-0.028326673,0.023053078,0.044673618,-0.050482955,-0.03897774,-0.08625194,-0.04258373,-0.13852005,-0.06305815,-0.04534379,0.019391682,-0.03915842,-0.030275514,-0.06420118,0.07480677,-0.07215838,-0.11098886,0.049253497,0.04029546,0.00612713,0.07643625,0.03942739,-0.039116073,-0.003841409,0.056791976,-0.003933063,-0.03698728,0.037322167,0.010129195,-0.011045492,6.8100186e-33,-0.036509875,-0.006284843,-0.035396144,0.017377373,-0.009953985,-0.058874458,-0.015321369,-0.016770706,0.009179832,0.029411517,0.00104504,-0.032955196,0.016163103,-0.08382092,-0.02029999,-0.057993107,0.061529424,0.048501574,0.00583588,0.057166178,0.02633624,-0.03349503,0.04145853,0.029593933,0.0702408,0.016202852,0.004317839,0.03214774,-0.012630915,0.032612912,0.08962412,-0.017436787,0.0007170883,0.011897497,-0.00682843,0.021919735,-0.004322241,0.013472234,-0.032905888,-0.026142798,-0.08945719,0.029833376,0.03616751,0.00950082,0.050344728,0.025184853,0.04631629,0.08510515,0.095478415,0.064265355,0.013860264,0.014901091,0.058697358,-0.091486126,-0.0062446655,-0.062820055,-0.04231435,0.018433746,-0.03056098,-0.0079736365,0.116001405,-0.008179589,-0.06421444,0.028111687,-0.020016951,-0.011575044,-0.0484516,-0.089048035,0.08982182,-0.134168,-0.061725464,0.035751674,0.013614911,0.04141096,-0.076271474,-0.013023522,-0.0043181092,-0.02542909,-0.0067524756,-0.06699766,-0.06359824,0.033242457,0.017736005,-0.048254356,0.1607214,-0.022740167,0.00810174,0.0061159637,-0.017215198,0.006361014,-0.0051829237,-0.065548025,0.010279137,0.06657219,0.06944966,-8.3272644e-33,0.024240466,-0.03994999,-0.07996612,0.021959865,-0.00606967,0.019962259,-0.022547383,-0.05406692,0.071698815,0.011848448,-0.025466664,0.00981925,-0.0018726905,0.030946454,-0.060327757,-0.007962059,-0.009576368,0.0076761306,-0.03417342,0.033199087,0.0021602265,0.10052466,0.04903429,0.018021949,-0.02117121,0.044795007,-0.051097244,0.0022219438,0.07438083,0.038831476,-0.010599361,-0.08252313,-0.055092867,0.059825484,-0.14303245,-0.14342798,0.033423528,-0.0011026928,0.03243109,0.02691076,0.022481304,0.09079476,0.05671754,0.012611997,-0.044444274,-0.04685019,0.08656145,-0.024302065,-0.08104668,-0.06809206,-0.02041446,-0.028073337,0.033978473,-0.05263655,0.052558787,0.035061784,0.040823366,-0.015566583,-0.05593508,-0.042180423,0.083352275,0.09344768,-0.018093899,0.09906878,0.10071575,-0.021496093,-0.015115833,-0.011686309,0.08100765,-0.056696434,-0.090730675,-0.12354534,-0.12940368,-0.043326944,0.016418194,0.0062343227,-0.003433914,0.008631838,-0.041883007,0.06234072,-0.00027464057,0.0017992675,-0.07712331,-0.030424325,0.017638082,-0.0076506604,0.046998028,-0.046879288,0.12785198,0.060357504,-0.0641885,-0.026936516,0.053484194,0.075340725,0.016778845,-6.215775e-08,0.029085372,-0.010749353,-0.027949091,-0.026330812,0.058772136,-0.060627162,-0.064921476,-0.014266952,-0.002988236,0.017420182,0.049487997,-0.014159979,-0.012719874,-0.060122065,0.009631715,-0.08185231,0.022003442,0.066552326,-0.09962061,-0.007339884,-0.01777845,-0.106405705,0.02949304,0.020236794,0.05202279,-0.040124428,-0.006662718,0.015099244,0.07561234,0.09773627,-0.040388692,0.05892648,0.017197914,-0.07092777,-0.07776569,0.033251796,0.0139648635,0.021951137,0.07646561,0.05362901,0.02005859,-0.021254456,0.049330033,0.08252169,0.062190976,0.00061400497,-0.10909155,-0.028053856,0.015930733,-0.12837683,-0.022912573,0.023026,-0.014438472,0.046329014,-0.038410597,0.09231032,0.025569897,0.029238088,-0.004969118,-0.052580487,0.064111605,0.039974205,0.030419217,-0.04557868

CHUNK_39
-0.05532046,-0.02205508,-0.03292442,-0.002023642,-0.032045014,0.008309403,-0.013878561,-0.08469639,-0.06264273,0.006821267,0.03131581,-0.05774413,-0.04785788,0.045286432,0.027435185,-0.052373264,-0.019416295,-0.02380352,-0.067711346,0.0025393434,0.07943263,0.11156511,-0.017675165,-0.038977057,-0.035989057,-0.04782951,-0.047491997,-0.04909649,-0.027542517,-0.06968943,0.003000172,0.0074065034,0.05747494,-0.009524429,0.059062634,0.041734178,-0.057596073,0.07791862,-0.0016770888,-0.02568639,0.020503499,-0.041902035,0.03598973,-0.099316694,0.029720915,-0.026006464,-0.06339543,-0.06448086,-0.053302456,-0.011504736,-0.124846,-0.03865667,-0.053791866,0.0125346165,0.0061272206,-0.1361638,0.028380616,0.02727586,-0.07169972,-0.004835773,-0.031212997,0.057017356,-0.08582326,0.022699196,-0.013443098,-0.014856657,-0.012177512,0.023532506,0.027748516,0.009862805,-0.10764219,-0.014812184,0.05663059,0.006660476,-0.07849927,-0.01930449,-0.06914958,0.05908517,0.010572679,-0.085054316,0.008693735,-0.04376001,0.050298236,0.021890247,0.02484305,0.04104916,-0.021041764,-0.06330983,0.017900355,-0.050633382,0.11983668,0.03940947,0.05181263,0.02296301,0.016885161,-0.013740615,-0.039963163,0.0377333,0.018910801,0.041323148,-0.02756412,-0.02680882,-0.111268885,-0.005880657,-0.0735816,-0.06012908,-0.026373059,-0.038460497,0.028297462,-0.00299974,-0.023313498,0.114810504,-0.024326297,-0.13006775,-0.023585072,0.023107892,-0.03923151,0.033035774,0.041280724,0.039969582,-0.06596498,0.062027752,-0.019349802,-0.08376934,0.03170667,-0.039336026,-0.007447865,7.057271e-33,-0.004065515,0.02924151,-0.020441284,-0.00394866,0.022985358,-0.07509106,-0.050260022,-0.061377916,0.03251318,-0.017720202,0.06464995,-0.015915858,-0.060770486,-0.0687186,0.0003170012,0.04124915,0.022426803,0.020558462,-0.014264883,-0.010775836,0.014539674,-0.09998791,0.0035581938,-0.007644479,-0.025051033,0.0053048697,0.030573832,0.03916156,-0.0054165325,0.04198279,0.099278055,-0.05980536,-0.01565269,-0.016609726,0.0050627072,0.041565757,-0.0169932,0.014327725,-0.03510575,-0.041845486,-0.046103615,-0.012629405,-0.051546615,0.020751746,0.042741418,0.031199852,0.005713541,0.06766461,0.107698254,0.056009766,0.041481566,-0.036491875,-0.001341894,0.031123424,-0.0012899692,0.0327292,0.028561642,-0.03721387,-0.03161911,0.0024647613,0.10858884,-0.012637517,-0.032640923,0.0067796498,-0.04758413,-0.052764926,0.028794633,-0.05839866,0.11434905,-0.14454098,-0.04475647,-0.014194268,0.03228024,0.07980761,-0.038828652,0.0047949604,0.025871877,0.0009553731,0.00042149614,-0.0050309068,-0.016658861,0.0999102,0.041166496,-0.06421502,0.11581624,-0.06688221,0.038737312,-0.023335902,-0.05357164,-0.0007777485,0.004428521,0.011560995,-0.001718799,0.044929292,0.056778956,-8.8461504e-33,0.061948977,-0.013836821,-0.044375736,-0.0005663696,0.023068165,-0.034705844,0.026986312,-0.048641037,0.16610183,0.06465181,-0.057867937,0.013014434,0.034421377,-0.00549731,-0.019796927,0.008926149,-0.039115854,0.020997126,-0.019117825,0.042788237,0.03561035,0.093876444,-0.0008671089,0.09361686,-0.03017995,0.015035959,-0.0110521475,-0.0011993796,0.014848506,-0.021173548,-0.019252235,-0.110015586,-0.118375756,0.060557734,-0.06048814,-0.12728153,0.08930208,-0.051823188,-0.050280243,0.059334707,0.034812313,0.104670964,0.022017475,-0.019892044,0.002840943,-0.047165815,0.07392456,-0.037607342,-0.044267006,-0.09071218,0.045161385,-0.024115305,0.037447594,-0.03198167,0.060228873,0.048969742,0.032789733,-0.04256566,-0.09196608,-0.01001051,0.052810837,0.09720516,-0.02912347,0.08155711,0.04958361,-0.0012025853,0.04399314,-0.08359034,0.010421721,-0.0640759,-0.064605415,-0.07052767,-0.11768065,0.0007004143,-0.028394429,0.011340114,-0.004320993,0.005296417,-0.004063728,0.02608998,0.021365015,0.023655895,-0.0065834513,-0.004124759,-0.0016065001,-0.027170964,0.03749057,-0.031222725,0.08319055,0.048713442,-0.003003547,0.001325172,0.09132855,0.033982538,0.025096377,-5.4656415e-08,0.022388443,-0.06097249,-0.030310052,-0.040326856,0.0076886825,-0.0964713,-0.051131878,0.020736568,0.06590125,-0.0034059808,0.034812763,0.006015996,-0.045031317,-0.038864546,-0.010937828,-0.053700864,0.017072724,0.05543989,-0.07259892,-0.014017608,0.038523745,-0.041713886,0.00019066427,-0.0039722924,0.045745157,-0.041972578,-0.048318617,0.031570885,-0.017316818,0.072981164,0.0030498144,0.013002315,0.07948648,-0.035867196,-0.07002925,-0.03348648,0.07976813,0.0011882592,0.02050408,0.116111025,0.067122035,-0.08992085,0.089567594,0.05421552,0.015785092,0.025152944,-0.06803551,-0.021010766,0.025581233,-0.10749812,0.0132114915,-0.01869361,0.05280638,0.01896363,-0.027884612,0.053806137,0.034051683,0.094729595,0.004538624,0.003007495,0.10990936,0.10131444,0.035335835,0.054513752

CHUNK_40
0.0019403198,0.010047397,-0.027510554,-0.053699054,-0.03737058,0.03107544,0.0012242243,-0.097242944,-0.024711255,-0.021984996,0.010434132,-0.039293986,0.00013502051,-0.003681347,0.02663951,0.012394346,-0.11185464,-0.019297656,-0.067302436,-0.025489986,0.063137606,0.08757506,-0.024338327,0.022326961,-0.027981697,0.021669798,0.015709443,-0.052656043,-0.073965766,-0.023977946,0.0037942303,0.057313636,0.029926363,-0.016234878,0.025669452,0.018043306,-0.051341273,0.06008395,0.02848749,-0.024688449,0.021167252,-0.06709857,0.09728194,-0.1104972,-0.033227928,-0.0497997,-0.07694279,-0.04961249,-0.010936041,0.054047205,-0.1505831,-0.0296423,-0.059175394,0.0177232,0.03307133,-0.08689782,-0.00045055742,0.028443862,-0.094928704,-0.005408518,-0.04966146,0.089474,-0.061883498,0.045705214,-0.04350494,-0.0039884653,-0.00055997644,0.007174659,-0.008949693,-0.049316604,-0.05808181,0.011564747,0.01150018,0.0034525127,-0.07156088,0.015353652,-0.047800798,0.06679357,-0.039329287,-0.15349145,-0.057046454,-0.07395647,0.005502391,-0.026842106,0.00097048824,0.063987784,-0.020597972,-0.09206406,0.03687847,0.033586245,0.06605647,-0.02499153,0.04879778,0.019313846,-0.0073661944,0.016487906,-0.027213208,0.028913753,-0.009411938,0.04528067,-0.0067835827,0.018795745,-0.09049837,0.036388833,-0.06654807,-0.031499982,-0.06446041,-0.06860459,-0.017842293,-0.022978736,-0.02850345,0.02508306,0.00013552012,-0.12837517,-0.02111394,0.010012974,-0.043889668,0.012544053,0.069670275,0.028203363,-0.028837852,0.032011192,-0.047950353,0.00077281473,-0.046708975,-0.02560631,0.013272712,9.533809e-33,-0.00024743786,0.015303057,0.037232194,-0.0037491466,-0.0052699624,-0.142632,-0.07037884,-0.06368424,0.0038532233,-0.067025356,0.048313953,0.007923777,-0.045142297,-0.1090178,0.009517634,0.01587013,0.0069557773,0.012647678,-0.025175544,-0.047702502,-0.042491984,-0.043146357,-0.03121937,-0.011836029,-0.013795198,0.03975184,0.09887447,0.038214795,-0.02774605,0.06080741,0.12469543,-0.04881473,0.022338146,-0.014807969,0.00619195,0.05228357,-0.048616473,0.0006261766,-0.03553386,-0.0212398,-0.014590883,-0.054692924,-0.038563892,0.018660113,0.052976247,0.02756893,0.0066957497,0.086907916,0.12137566,0.03824197,0.04937164,-0.044416852,-0.017009383,-0.00010271543,0.030325126,0.041087285,0.0056419917,-0.018087998,-0.038049206,-0.015196202,0.046876065,-0.010275776,0.00960858,-0.032235216,-0.049854815,-0.040815655,0.056319155,-0.04621413,0.10654543,-0.038681827,0.0020466489,-0.019244278,0.04773862,0.04834118,0.038145315,0.04543197,0.06871953,-0.029818557,0.007672833,0.0069652116,-0.022377338,0.09206049,0.06378596,-0.026097458,0.10593137,-0.008632304,0.051738907,0.005680465,-0.06996888,0.011321271,-0.0061860126,0.054805014,-0.020304585,0.041087132,0.026918216,-1.2443788e-32,0.040803425,-0.012072891,-0.04202832,-0.032421775,0.0017478149,-0.06249687,-0.009439219,0.0009777225,0.10203863,0.076204605,-0.055395305,0.0016833318,0.06088544,0.0006460336,0.010706086,-0.010273233,0.09649151,0.0006553236,-0.011517826,0.06123093,-0.0040886668,0.08772285,-0.06400557,0.078516595,0.019320091,-0.020967068,-0.020464309,-0.01630359,0.01418205,-0.043930214,0.0015416224,-0.16048256,-0.08604334,0.033963263,-0.07162233,-0.10155637,0.120348126,-0.07140411,-0.07092351,0.058435913,-0.026423316,0.08291098,-0.00984635,0.0035585882,-0.009174847,-0.06620225,0.044148453,0.046414007,-0.07156009,-0.08900202,0.0487013,-0.040547185,0.036184352,-0.06275593,0.037520066,0.04945128,0.045727897,0.0037929353,-0.105505206,-0.07606408,-0.004902042,0.06527505,-0.00465322,0.03140658,0.030344859,-0.034238305,0.07650907,-0.062074933,-0.055270787,-0.071953915,0.023327118,-0.07147929,-0.12124864,-0.0058754175,0.016208412,0.04241415,-0.0012057129,0.019837338,-0.04742313,0.024844654,-0.0030036627,0.07205253,-0.040698864,0.023781141,-0.032095846,-0.009888233,0.019713044,-0.05266048,0.031344004,0.026725927,-0.041430064,0.04109453,0.065860204,0.032676857,0.023053497,-5.1299025e-08,0.02459649,-0.06008524,-0.057813548,-0.02975075,0.0037860395,-0.027392771,-0.052623086,0.015914312,0.025430195,-0.019598281,0.011852961,-0.009790709,-0.07230767,0.015502137,-0.062130947,-0.063731804,9.390673e-05,0.019977827,-0.06955501,-0.06926203,0.08013052,-0.01755723,-0.00044181405,-0.003546433,-0.0017124674,-0.012102142,-0.044421177,-0.0016550372,-0.050478477,0.024049167,-0.023668805,-0.012306471,0.0344476,-0.08845721,-0.040038735,0.03981993,0.08795787,0.04526181,0.016461989,0.07698506,0.09093194,-0.080854006,0.058193672,0.07574264,0.03313243,0.016189763,-0.007977125,-0.042855565,0.020839762,-0.13252087,-0.012037605,-0.0698518,0.060671408,-0.020867161,-0.028818915,0.01953012,0.04437055,0.076152444,0.02827197,-0.03167112,0.1041347,0.11574048,0.031028656,0.10506336

CHUNK_41
-0.0123141995,-0.043799203,0.022570197,-0.074407764,-0.033041023,0.04414128,0.054862995,-0.021605851,-0.12442902,0.047246456,0.01627682,-0.07190409,-0.047000956,-0.024549384,0.00980159,0.011983624,-0.023119118,-0.012108496,-0.0002451451,-0.02494485,0.14077269,0.056180827,-0.07751208,-0.027215023,0.056626722,0.004803702,0.0013826529,-0.095906034,-0.036026806,-0.04559593,0.003147874,0.035731845,0.0063406364,0.038880054,0.014396784,-0.0672531,-0.015651839,-0.009268051,0.09475236,-0.10492803,0.015538888,-0.00838502,0.04900466,-0.030997394,0.009420667,-0.020819252,0.026151597,-0.05832085,-0.014539699,0.011490069,-0.04748852,0.010862326,-0.018250942,0.0064991815,0.015109619,-0.14952573,-0.036828566,0.004237265,-0.014630747,-0.032965,-0.0055620377,0.028601583,0.010704007,-0.022420455,0.009082723,0.016812917,-0.007696791,-0.02063755,-0.045830928,-0.085491955,-0.059454262,0.013321785,-0.012990126,-0.0116643235,-0.04517578,-0.04027093,-0.03848561,0.122041024,0.0055569126,-0.11020915,-0.035667993,-0.025996063,0.0035374835,0.12105883,0.039767645,0.04878689,-0.04828844,-0.049128667,0.06769278,-0.053007215,0.0901028,0.034276262,0.08719024,-0.007445279,-0.033728715,-0.023655051,0.006441016,0.0027364455,0.0014004167,0.06403484,-0.02990892,-0.008579032,-0.08109776,-0.03625759,-0.06594611,-0.0018404028,0.0385925,0.06272365,-0.005269957,-0.012840409,-0.04536748,0.04281431,-0.07183604,-0.078112155,-0.032364517,0.00867015,0.050800744,0.053490616,0.009730607,-0.033651214,-0.054363165,0.056031853,-0.09299936,-0.040634178,0.006440984,-0.022360303,-0.03395066,1.4096496e-32,-0.0317948,-0.05145121,0.009755588,-0.06336793,-0.0827561,-0.038454775,0.035800792,-0.041568577,-0.018805195,-0.032818403,-0.007065461,-0.061096027,-0.010648831,0.007587713,0.019990329,-0.025992822,0.023398435,-0.045396116,0.02897722,-0.0017290524,0.009628737,0.0234176,0.025757523,-0.034319613,-0.030943617,0.024865407,-0.0015649673,0.0036276316,-0.059917767,0.053655654,0.09932805,-0.05190592,-0.033210076,0.002875109,-0.00034194888,0.03409548,0.021421026,-0.01905147,-0.03810583,-0.051666286,-0.023810482,-0.023278048,-0.0026347993,0.005709397,0.025990203,0.0359278,0.023608059,0.06223786,0.06482022,0.10314466,-0.03739232,0.007841789,0.019177333,-0.08274633,-0.027943097,0.0071199853,0.012387847,0.0116145555,0.035393417,0.07571874,-0.0062372247,-0.11100108,-0.05181352,-0.03573514,-0.10092806,-0.048382286,0.041389056,-0.03542098,0.08182994,-0.04224052,-0.004743808,-0.016373102,0.023399714,0.0806466,0.0055132043,0.010843692,0.07253344,-0.032183122,-0.030865194,0.04154221,-0.01784137,-0.013550871,-0.025369054,-0.10183746,0.12367727,-0.0022452923,0.01895952,-0.07945526,0.00014198932,0.021548714,-0.042952593,-0.044275183,0.0062658256,0.06596919,0.038794696,-1.5718984e-32,0.01586886,0.019729344,-0.03159707,-0.020466277,-0.044292133,-0.028610907,0.033905305,-0.04141182,0.054890014,0.056916405,0.013185541,0.02676362,0.03314013,0.028507534,0.018292785,0.042442773,0.040651783,0.03449257,-0.029647721,0.030997578,-0.08365229,0.16198003,-0.0020201784,0.02795639,-0.07225866,0.026978746,-0.06277507,0.018461147,0.060732562,-0.05549679,0.030168798,-0.08770331,-0.10257915,0.027336515,-0.095228314,-0.11438995,0.05334182,-0.022615358,0.0015582625,-0.04859212,-0.015038561,-0.007613414,0.04423513,0.058985814,-0.053940576,-0.007182437,0.05068558,0.057929922,-0.104148544,-0.010829468,0.019847788,-0.012643377,0.019018399,-0.016147532,0.08882693,0.06657329,0.053204864,0.057483263,-0.07599487,-0.057825353,0.023376107,0.06441768,-0.03165582,0.061778408,0.0771811,-0.015207533,0.014017511,-0.03495805,0.054866027,-0.061939668,-0.036773134,-0.13332106,-0.14709668,-0.072565705,-0.04526952,-0.01271828,0.005841742,0.05902014,-0.0026861846,0.034702227,0.09277804,0.015033102,-0.0296412,-0.049710337,-0.012496667,0.0047698445,0.009841797,0.025944136,0.01908661,0.06886236,-0.07938897,0.025943091,0.011294881,0.075081006,0.044629313,-6.4336795e-08,0.05742281,-0.02967399,-0.052147616,0.058210146,0.006053369,-0.050235108,-0.03861809,0.08622012,-0.046799973,0.012124711,0.09253534,-0.042187832,-0.059006657,-0.073261835,-0.010026351,-0.048964966,-0.08338941,0.07178716,-0.06599788,0.013980592,0.0029565664,-0.057495058,-0.031775285,0.04356682,-0.011883871,0.017610943,0.015755733,0.022370134,0.084545046,0.05656574,0.025755081,0.048471525,0.016411101,-0.07079021,-0.08177025,-0.019086411,0.038348533,0.0394881,0.09215216,0.04219063,0.023831649,-0.014481682,0.067096345,0.045591988,-0.015046738,0.025722336,-0.033694234,-0.08721328,0.055703584,-0.1113297,-0.08386103,-0.029169038,-0.000502487,0.058538113,-0.08672039,0.07692165,-0.07625403,0.029212762,0.012485773,0.0068864347,0.15040545,-0.019512832,-0.049041245,0.02448592

CHUNK_42
0.029508246,0.026559532,-0.0036054368,-0.03569615,-0.00017856756,0.011171448,0.04656474,-0.028094618,-0.024641303,0.0361577,0.0661892,-0.044747412,0.008115277,0.00035266884,-0.004134887,-0.001831337,-0.010231888,0.02455308,-0.021287149,-0.043392412,0.15373552,0.14824988,-0.042687174,-0.0035624686,-0.018936224,-0.03386745,-0.023464272,-0.09199108,0.02674329,-0.061145987,-0.024723358,0.014353397,-0.0050008977,0.07198582,0.0025725511,-0.101583965,0.028248517,-0.05131018,0.13852212,-0.08180107,0.038711775,0.0043243254,-0.023021108,-0.03597015,0.020554,0.010750794,-0.027835898,-0.055897243,-0.05497361,0.048358526,-0.049472142,0.006694539,-0.029686123,0.09002789,0.0821574,-0.12295415,-0.0017649031,-0.0029019932,-0.0068781124,-0.02304795,-0.03674584,-0.020463122,-0.06744495,-0.012932111,0.0005660867,-0.025335578,-0.021374293,-0.02849989,-0.026016515,-0.086945534,-0.023692224,-0.047131646,-0.0017743604,0.0038846459,-0.053262543,-0.0012892389,0.003697291,0.15572523,-0.06280312,-0.14767084,-0.09699302,0.0076087336,0.0422413,0.06788613,0.007517521,-0.010269404,-0.0039135227,0.00067798165,0.07684109,0.042651925,0.07472335,0.014198734,0.0012630246,-0.011977275,-0.05342718,-0.06976187,-0.0018948357,-0.09913201,0.042782888,0.045784242,-0.010825054,-0.0063958587,-0.117884986,-0.012545051,-0.07318943,0.0075350846,0.0032643827,0.030894194,0.005106003,0.024493597,-0.061045025,0.06688088,-0.021916544,-0.13759835,-0.028499244,0.009513128,0.036341786,0.07936206,0.04651675,-0.07241004,-0.06269462,0.038718097,-0.07936782,-0.024523342,0.018274747,-0.03632882,-0.040240083,3.7691936e-33,-0.042511273,-0.020170579,-0.023877768,-0.10257194,0.024754142,-0.031308282,0.05151386,-0.011948119,0.035186376,0.012267602,-0.024112672,-0.002032625,0.023184462,-0.041375432,-0.012213404,-0.0016326733,0.05056284,-0.03911801,0.05728317,0.039535932,0.013541859,-0.014656834,0.045774702,0.020579318,0.017461104,0.020724045,-0.016916102,-0.008362652,0.009898064,0.070769034,0.07629312,-0.027243944,0.048146114,0.011026597,0.028428243,0.08248172,-0.049578518,0.039700698,-0.017266648,-0.03067769,-0.006359313,-0.054700587,-0.06789011,-0.017320814,-0.054899722,0.011434306,-0.021587335,0.04987798,0.10548654,0.035610247,0.020714426,-0.0043556164,0.015217021,-0.06781358,0.046790317,-0.011440169,-0.026282651,0.030647881,0.018111218,0.04604207,0.03655412,-0.06414794,-0.039766565,-0.007048857,-0.108383656,-0.05421775,-0.027068373,-0.09917773,0.06084466,-0.06358923,0.00425167,0.055354524,0.020312728,0.060693756,-0.037311275,0.00487301,-0.026681302,-0.022526672,0.05689803,-0.011439994,-0.05517448,0.019610904,0.02147283,-0.0526814,0.09008752,-0.044355676,0.025496954,0.045974527,-0.023608016,0.008838483,-0.04666599,-0.04574195,-0.018450685,0.062342998,0.08100628,-5.3054035e-33,0.0138913775,0.033607267,-0.071607545,-0.045979418,-0.05319169,0.007086793,-0.012664981,-0.05994672,0.059383098,0.095509395,0.027720047,0.0023864985,-0.0077668703,0.03577188,0.008691782,0.05944911,-0.00823578,0.0056733354,-0.03392565,0.047488075,-0.06514131,0.100445695,-0.00744429,0.03143677,-0.07888565,0.053245895,-0.0914109,0.075256735,0.057342242,0.0016745538,-0.017439106,-0.05993259,-0.09796134,0.04979505,-0.05025063,-0.10985464,0.0049861716,0.01814823,0.031245772,0.018627096,-0.040405806,0.056945916,0.057158157,0.05974228,-0.02191304,-0.07187007,0.0627314,0.015648717,-0.029355634,-0.03385195,0.03768862,0.03221155,0.08903438,0.003171883,0.023176117,0.103382215,0.048790574,0.025215233,-0.0060050893,-0.039160825,0.065162316,0.05969419,-0.057581473,0.06027338,0.05270971,0.01875447,0.06511967,-0.038964268,0.12134107,-0.08160868,-0.03548366,-0.08568452,-0.120936364,-0.039581176,-0.01873487,0.02105092,0.03340706,0.015190522,-0.032836244,0.03624527,0.09442447,0.04887947,-0.009304367,0.0303083,-0.020933647,-0.050004356,-0.005326866,-0.015067188,0.0812495,0.06619613,-0.059182033,-0.0044663604,0.01465648,0.03725972,0.03438844,-4.9409334e-08,-0.01471814,-0.06288816,-0.036953688,0.023440164,0.06761782,-0.0143312365,-0.0017865392,0.09512923,-0.094324,-0.025315931,0.020205464,-0.0378038,-0.028452387,-0.060942,0.032696337,-0.057623226,0.002496245,0.002850088,-0.057169497,-0.011803428,-0.0031844764,-0.05171734,-0.005135363,0.012083726,-0.012187174,-0.03445821,-0.013258813,-0.00027021917,0.048743986,0.07828676,0.0064244852,0.07673716,-0.014689982,-0.08829289,-0.055215012,0.0017422116,0.039870203,0.016254514,0.05827119,0.03376967,0.0138472235,-0.014479894,0.057846017,0.04948751,0.039370727,0.038674187,-0.045447942,-0.113171905,0.04021575,-0.09180285,-0.0040030824,-0.014548514,0.026972428,0.020472493,-0.14526317,0.019812532,-0.03888511,-0.017543135,-0.028996978,-0.033552244,0.15510027,0.030085193,0.033919662,0.016947646

